snr_db,modulation,bin_left,bin_right,bin_center,mean_density,std_density_across_windows
-4,QAM16,0.0,0.03412601314013517,0.017063006570067586,0.025483649224042892,0.07777025550603867
-4,QAM16,0.03412601314013517,0.06825202628027034,0.05118901971020276,0.07592602074146271,0.13083960115909576
-4,QAM16,0.06825202628027034,0.10237803942040552,0.08531503285033792,0.14366795122623444,0.18711721897125244
-4,QAM16,0.10237803942040552,0.13650405256054068,0.1194410459904731,0.17990191280841827,0.20518213510513306
-4,QAM16,0.13650405256054068,0.17063006570067585,0.15356705913060825,0.22210611402988434,0.2321043759584427
-4,QAM16,0.17063006570067585,0.20475607884081104,0.18769307227074344,0.2826814353466034,0.26198816299438477
-4,QAM16,0.20475607884081104,0.2388820919809462,0.22181908541087864,0.3191416561603546,0.25595027208328247
-4,QAM16,0.2388820919809462,0.27300810512108137,0.25594509855101377,0.34985804557800293,0.28606152534484863
-4,QAM16,0.27300810512108137,0.30713411826121656,0.29007111169114896,0.4105236530303955,0.29985398054122925
-4,QAM16,0.30713411826121656,0.3412601314013517,0.32419712483128416,0.4632626473903656,0.3073235750198364
-4,QAM16,0.3412601314013517,0.3753861445414869,0.3583231379714193,0.497795432806015,0.33234885334968567
-4,QAM16,0.3753861445414869,0.4095121576816221,0.3924491511115545,0.53804612159729,0.33257362246513367
-4,QAM16,0.4095121576816221,0.4436381708217572,0.4265751642516896,0.5651367902755737,0.3511371314525604
-4,QAM16,0.4436381708217572,0.4777641839618924,0.4607011773918248,0.6125923991203308,0.37857770919799805
-4,QAM16,0.4777641839618924,0.5118901971020275,0.49482719053196,0.6275491118431091,0.36912602186203003
-4,QAM16,0.5118901971020275,0.5460162102421627,0.5289532036720952,0.6692913770675659,0.3913920223712921
-4,QAM16,0.5460162102421627,0.5801422233822979,0.5630792168122303,0.7007351517677307,0.4033803343772888
-4,QAM16,0.5801422233822979,0.6142682365224331,0.5972052299523656,0.7043811678886414,0.40286898612976074
-4,QAM16,0.6142682365224331,0.6483942496625682,0.6313312430925007,0.7133978605270386,0.40073543787002563
-4,QAM16,0.6483942496625682,0.6825202628027034,0.6654572562326357,0.719045877456665,0.3810756802558899
-4,QAM16,0.6825202628027034,0.7166462759428386,0.699583269372771,0.7316107749938965,0.4159439206123352
-4,QAM16,0.7166462759428386,0.7507722890829738,0.7337092825129061,0.7626240849494934,0.41636261343955994
-4,QAM16,0.7507722890829738,0.784898302223109,0.7678352956530414,0.764752209186554,0.4089273512363434
-4,QAM16,0.784898302223109,0.8190243153632442,0.8019613087931765,0.767867386341095,0.414739727973938
-4,QAM16,0.8190243153632442,0.8531503285033792,0.8360873219333117,0.7612810730934143,0.4073825180530548
-4,QAM16,0.8531503285033792,0.8872763416435144,0.8702133350734469,0.7530511021614075,0.4225979149341583
-4,QAM16,0.8872763416435144,0.9214023547836496,0.904339348213582,0.750489354133606,0.41057199239730835
-4,QAM16,0.9214023547836496,0.9555283679237848,0.9384653613537173,0.7402049899101257,0.4204540252685547
-4,QAM16,0.9555283679237848,0.98965438106392,0.9725913744938524,0.7350720167160034,0.40342816710472107
-4,QAM16,0.98965438106392,1.023780394204055,1.0067173876339877,0.7133228778839111,0.4002179503440857
-4,QAM16,1.023780394204055,1.0579064073441904,1.0408434007741227,0.7090784907341003,0.39982980489730835
-4,QAM16,1.0579064073441904,1.0920324204843255,1.0749694139142578,0.6935514211654663,0.39459630846977234
-4,QAM16,1.0920324204843255,1.1261584336244606,1.1090954270543931,0.6839394569396973,0.38164860010147095
-4,QAM16,1.1261584336244606,1.1602844467645959,1.1432214401945282,0.6759093403816223,0.3888322114944458
-4,QAM16,1.1602844467645959,1.194410459904731,1.1773474533346633,0.6515088677406311,0.3730069100856781
-4,QAM16,1.194410459904731,1.2285364730448662,1.2114734664747986,0.6472970843315125,0.3956688940525055
-4,QAM16,1.2285364730448662,1.2626624861850013,1.245599479614934,0.6104507446289062,0.36860552430152893
-4,QAM16,1.2626624861850013,1.2967884993251364,1.2797254927550687,0.5820420980453491,0.3531981408596039
-4,QAM16,1.2967884993251364,1.3309145124652717,1.313851505895204,0.5480712652206421,0.3693667948246002
-4,QAM16,1.3309145124652717,1.3650405256054068,1.3479775190353394,0.518631637096405,0.3542603850364685
-4,QAM16,1.3650405256054068,1.399166538745542,1.3821035321754744,0.4934452176094055,0.3291909396648407
-4,QAM16,1.399166538745542,1.4332925518856772,1.4162295453156095,0.4689134955406189,0.32663989067077637
-4,QAM16,1.4332925518856772,1.4674185650258122,1.4503555584557448,0.4570145010948181,0.3172280788421631
-4,QAM16,1.4674185650258122,1.5015445781659476,1.48448157159588,0.41402581334114075,0.300118088722229
-4,QAM16,1.5015445781659476,1.5356705913060826,1.518607584736015,0.38979145884513855,0.29061126708984375
-4,QAM16,1.5356705913060826,1.569796604446218,1.5527335978761503,0.39593639969825745,0.30388689041137695
-4,QAM16,1.569796604446218,1.603922617586353,1.5868596110162856,0.3662058115005493,0.28073209524154663
-4,QAM16,1.603922617586353,1.6380486307264883,1.6209856241564207,0.3404407799243927,0.28484341502189636
-4,QAM16,1.6380486307264883,1.6721746438666234,1.6551116372965557,0.2959649860858917,0.25386741757392883
-4,QAM16,1.6721746438666234,1.7063006570067585,1.689237650436691,0.2844966948032379,0.250698447227478
-4,QAM16,1.7063006570067585,1.7404266701468938,1.7233636635768261,0.2691222131252289,0.24488390982151031
-4,QAM16,1.7404266701468938,1.7745526832870289,1.7574896767169612,0.25074586272239685,0.24220195412635803
-4,QAM16,1.7745526832870289,1.8086786964271642,1.7916156898570965,0.22043313086032867,0.21968039870262146
-4,QAM16,1.8086786964271642,1.8428047095672992,1.8257417029972318,0.2055836170911789,0.21240796148777008
-4,QAM16,1.8428047095672992,1.8769307227074343,1.8598677161373667,0.19407911598682404,0.2113485336303711
-4,QAM16,1.8769307227074343,1.9110567358475696,1.893993729277502,0.18307246267795563,0.2084079384803772
-4,QAM16,1.9110567358475696,1.9451827489877047,1.9281197424176373,0.16538362205028534,0.20162449777126312
-4,QAM16,1.9451827489877047,1.97930876212784,1.9622457555577724,0.1421946883201599,0.17638179659843445
-4,QAM16,1.97930876212784,2.013434775267975,1.9963717686979074,0.13055384159088135,0.17216794192790985
-4,QAM16,2.013434775267975,2.04756078840811,2.0304977818380427,0.12545783817768097,0.16403096914291382
-4,QAM16,2.04756078840811,2.0816868015482455,2.0646237949781776,0.1021125465631485,0.15099534392356873
-4,QAM16,2.0816868015482455,2.115812814688381,2.0987498081183134,0.10001407563686371,0.14507673680782318
-4,QAM16,2.115812814688381,2.1499388278285156,2.132875821258448,0.08120930939912796,0.13924451172351837
-4,QAM16,2.1499388278285156,2.184064840968651,2.167001834398583,0.08051901310682297,0.136454239487648
-4,QAM16,2.184064840968651,2.2181908541087862,2.201127847538719,0.06285528093576431,0.12157698720693588
-4,QAM16,2.2181908541087862,2.252316867248921,2.2352538606788537,0.06056598201394081,0.11794208735227585
-4,QAM16,2.252316867248921,2.2864428803890564,2.2693798738189885,0.06079310551285744,0.11534938961267471
-4,QAM16,2.2864428803890564,2.3205688935291917,2.3035058869591243,0.053440120071172714,0.11252667009830475
-4,QAM16,2.3205688935291917,2.354694906669327,2.337631900099259,0.05071112886071205,0.10962706804275513
-4,QAM16,2.354694906669327,2.388820919809462,2.3717579132393944,0.039017703384160995,0.09827274084091187
-4,QAM16,2.388820919809462,2.422946932949597,2.4058839263795297,0.03371964767575264,0.08563399314880371
-4,QAM16,2.422946932949597,2.4570729460897325,2.4400099395196646,0.02980976365506649,0.08238492161035538
-4,QAM16,2.4570729460897325,2.4911989592298673,2.4741359526598,0.029595280066132545,0.08218417316675186
-4,QAM16,2.4911989592298673,2.5253249723700026,2.508261965799935,0.025240208953619003,0.07253292948007584
-4,QAM16,2.5253249723700026,2.559450985510138,2.54238797894007,0.02064712718129158,0.0687972828745842
-4,QAM16,2.559450985510138,2.593576998650273,2.5765139920802054,0.020174792036414146,0.06732556968927383
-4,QAM16,2.593576998650273,2.627703011790408,2.6106400052203407,0.015143741853535175,0.05788186192512512
-4,QAM16,2.627703011790408,2.6618290249305434,2.6447660183604755,0.011709751561284065,0.052562300115823746
-4,QAM16,2.6618290249305434,2.6959550380706787,2.6788920315006113,0.011709807440638542,0.05155596137046814
-4,QAM64,0.0,0.03412601314013517,0.017063006570067586,0.02201708033680916,0.07493110746145248
-4,QAM64,0.03412601314013517,0.06825202628027034,0.05118901971020276,0.07161612808704376,0.126728817820549
-4,QAM64,0.06825202628027034,0.10237803942040552,0.08531503285033792,0.13132941722869873,0.17983557283878326
-4,QAM64,0.10237803942040552,0.13650405256054068,0.1194410459904731,0.18803422152996063,0.20747166872024536
-4,QAM64,0.13650405256054068,0.17063006570067585,0.15356705913060825,0.23275111615657806,0.2265457659959793
-4,QAM64,0.17063006570067585,0.20475607884081104,0.18769307227074344,0.2759515047073364,0.2476378232240677
-4,QAM64,0.20475607884081104,0.2388820919809462,0.22181908541087864,0.3275299668312073,0.264911413192749
-4,QAM64,0.2388820919809462,0.27300810512108137,0.25594509855101377,0.38105878233909607,0.2850383222103119
-4,QAM64,0.27300810512108137,0.30713411826121656,0.29007111169114896,0.3961738646030426,0.29988375306129456
-4,QAM64,0.30713411826121656,0.3412601314013517,0.32419712483128416,0.45172688364982605,0.31358617544174194
-4,QAM64,0.3412601314013517,0.3753861445414869,0.3583231379714193,0.49198347330093384,0.31054389476776123
-4,QAM64,0.3753861445414869,0.4095121576816221,0.3924491511115545,0.5399364829063416,0.35045021772384644
-4,QAM64,0.4095121576816221,0.4436381708217572,0.4265751642516896,0.584869921207428,0.35975801944732666
-4,QAM64,0.4436381708217572,0.4777641839618924,0.4607011773918248,0.6074450016021729,0.353317528963089
-4,QAM64,0.4777641839618924,0.5118901971020275,0.49482719053196,0.6345097422599792,0.3869311511516571
-4,QAM64,0.5118901971020275,0.5460162102421627,0.5289532036720952,0.6746584177017212,0.3831568658351898
-4,QAM64,0.5460162102421627,0.5801422233822979,0.5630792168122303,0.6599757671356201,0.39446210861206055
-4,QAM64,0.5801422233822979,0.6142682365224331,0.5972052299523656,0.7007835507392883,0.4006732106208801
-4,QAM64,0.6142682365224331,0.6483942496625682,0.6313312430925007,0.7097911238670349,0.3990158438682556
-4,QAM64,0.6483942496625682,0.6825202628027034,0.6654572562326357,0.7581495642662048,0.40340715646743774
-4,QAM64,0.6825202628027034,0.7166462759428386,0.699583269372771,0.7536388635635376,0.4119967222213745
-4,QAM64,0.7166462759428386,0.7507722890829738,0.7337092825129061,0.7543344497680664,0.4099016487598419
-4,QAM64,0.7507722890829738,0.784898302223109,0.7678352956530414,0.7539510726928711,0.41368547081947327
-4,QAM64,0.784898302223109,0.8190243153632442,0.8019613087931765,0.7785670161247253,0.4126518666744232
-4,QAM64,0.8190243153632442,0.8531503285033792,0.8360873219333117,0.7643041014671326,0.4174787402153015
-4,QAM64,0.8531503285033792,0.8872763416435144,0.8702133350734469,0.7787221670150757,0.4187155067920685
-4,QAM64,0.8872763416435144,0.9214023547836496,0.904339348213582,0.7455379366874695,0.41198378801345825
-4,QAM64,0.9214023547836496,0.9555283679237848,0.9384653613537173,0.7515071034431458,0.4335603415966034
-4,QAM64,0.9555283679237848,0.98965438106392,0.9725913744938524,0.7252985835075378,0.4235338270664215
-4,QAM64,0.98965438106392,1.023780394204055,1.0067173876339877,0.738436758518219,0.3956992030143738
-4,QAM64,1.023780394204055,1.0579064073441904,1.0408434007741227,0.689239501953125,0.38551992177963257
-4,QAM64,1.0579064073441904,1.0920324204843255,1.0749694139142578,0.6688860654830933,0.3832201361656189
-4,QAM64,1.0920324204843255,1.1261584336244606,1.1090954270543931,0.6950060129165649,0.40099480748176575
-4,QAM64,1.1261584336244606,1.1602844467645959,1.1432214401945282,0.684833824634552,0.4015754759311676
-4,QAM64,1.1602844467645959,1.194410459904731,1.1773474533346633,0.6368722319602966,0.3865377902984619
-4,QAM64,1.194410459904731,1.2285364730448662,1.2114734664747986,0.5969396829605103,0.3722935914993286
-4,QAM64,1.2285364730448662,1.2626624861850013,1.245599479614934,0.5994194149971008,0.3518839180469513
-4,QAM64,1.2626624861850013,1.2967884993251364,1.2797254927550687,0.5725482106208801,0.3727551996707916
-4,QAM64,1.2967884993251364,1.3309145124652717,1.313851505895204,0.5423584580421448,0.3433637022972107
-4,QAM64,1.3309145124652717,1.3650405256054068,1.3479775190353394,0.5147985816001892,0.3384164273738861
-4,QAM64,1.3650405256054068,1.399166538745542,1.3821035321754744,0.4974692165851593,0.34155070781707764
-4,QAM64,1.399166538745542,1.4332925518856772,1.4162295453156095,0.4952346086502075,0.3303709924221039
-4,QAM64,1.4332925518856772,1.4674185650258122,1.4503555584557448,0.45491382479667664,0.30837124586105347
-4,QAM64,1.4674185650258122,1.5015445781659476,1.48448157159588,0.43382999300956726,0.30617281794548035
-4,QAM64,1.5015445781659476,1.5356705913060826,1.518607584736015,0.4052819013595581,0.3001696765422821
-4,QAM64,1.5356705913060826,1.569796604446218,1.5527335978761503,0.36884596943855286,0.29611268639564514
-4,QAM64,1.569796604446218,1.603922617586353,1.5868596110162856,0.3479860723018646,0.277576744556427
-4,QAM64,1.603922617586353,1.6380486307264883,1.6209856241564207,0.33350515365600586,0.27309343218803406
-4,QAM64,1.6380486307264883,1.6721746438666234,1.6551116372965557,0.30795156955718994,0.2720670700073242
-4,QAM64,1.6721746438666234,1.7063006570067585,1.689237650436691,0.2775156497955322,0.2547065317630768
-4,QAM64,1.7063006570067585,1.7404266701468938,1.7233636635768261,0.2795146107673645,0.2541259229183197
-4,QAM64,1.7404266701468938,1.7745526832870289,1.7574896767169612,0.23038047552108765,0.23195096850395203
-4,QAM64,1.7745526832870289,1.8086786964271642,1.7916156898570965,0.2318229079246521,0.22371110320091248
-4,QAM64,1.8086786964271642,1.8428047095672992,1.8257417029972318,0.2233363687992096,0.2190357893705368
-4,QAM64,1.8428047095672992,1.8769307227074343,1.8598677161373667,0.19280001521110535,0.20891697704792023
-4,QAM64,1.8769307227074343,1.9110567358475696,1.893993729277502,0.1740025281906128,0.19850575923919678
-4,QAM64,1.9110567358475696,1.9451827489877047,1.9281197424176373,0.1684323251247406,0.1950436681509018
-4,QAM64,1.9451827489877047,1.97930876212784,1.9622457555577724,0.14599201083183289,0.18644192814826965
-4,QAM64,1.97930876212784,2.013434775267975,1.9963717686979074,0.13215121626853943,0.1735977828502655
-4,QAM64,2.013434775267975,2.04756078840811,2.0304977818380427,0.11493989825248718,0.16220171749591827
-4,QAM64,2.04756078840811,2.0816868015482455,2.0646237949781776,0.11271407455205917,0.1623988151550293
-4,QAM64,2.0816868015482455,2.115812814688381,2.0987498081183134,0.09269222617149353,0.1426670104265213
-4,QAM64,2.115812814688381,2.1499388278285156,2.132875821258448,0.09525557607412338,0.14601218700408936
-4,QAM64,2.1499388278285156,2.184064840968651,2.167001834398583,0.08239219337701797,0.13223198056221008
-4,QAM64,2.184064840968651,2.2181908541087862,2.201127847538719,0.06720676273107529,0.1176525205373764
-4,QAM64,2.2181908541087862,2.252316867248921,2.2352538606788537,0.06403438001871109,0.12467260658740997
-4,QAM64,2.252316867248921,2.2864428803890564,2.2693798738189885,0.05552956461906433,0.11230210959911346
-4,QAM64,2.2864428803890564,2.3205688935291917,2.3035058869591243,0.05649785324931145,0.11338131129741669
-4,QAM64,2.3205688935291917,2.354694906669327,2.337631900099259,0.04727191478013992,0.1050194650888443
-4,QAM64,2.354694906669327,2.388820919809462,2.3717579132393944,0.04151967167854309,0.095210000872612
-4,QAM64,2.388820919809462,2.422946932949597,2.4058839263795297,0.032600343227386475,0.08767121285200119
-4,QAM64,2.422946932949597,2.4570729460897325,2.4400099395196646,0.02893558144569397,0.08347166329622269
-4,QAM64,2.4570729460897325,2.4911989592298673,2.4741359526598,0.030972497537732124,0.08482307195663452
-4,QAM64,2.4911989592298673,2.5253249723700026,2.508261965799935,0.024789554998278618,0.07271090894937515
-4,QAM64,2.5253249723700026,2.559450985510138,2.54238797894007,0.020888682454824448,0.06913446635007858
-4,QAM64,2.559450985510138,2.593576998650273,2.5765139920802054,0.01307615265250206,0.05513696372509003
-4,QAM64,2.593576998650273,2.627703011790408,2.6106400052203407,0.013775678351521492,0.05735212191939354
-4,QAM64,2.627703011790408,2.6618290249305434,2.6447660183604755,0.011013919487595558,0.05215764045715332
-4,QAM64,2.6618290249305434,2.6959550380706787,2.6788920315006113,0.010565154254436493,0.04922562837600708
-2,QAM16,0.0,0.03412601314013517,0.017063006570067586,0.01855240762233734,0.06495846807956696
-2,QAM16,0.03412601314013517,0.06825202628027034,0.05118901971020276,0.06736724823713303,0.12332645803689957
-2,QAM16,0.06825202628027034,0.10237803942040552,0.08531503285033792,0.12331987917423248,0.16979612410068512
-2,QAM16,0.10237803942040552,0.13650405256054068,0.1194410459904731,0.16113495826721191,0.18755580484867096
-2,QAM16,0.13650405256054068,0.17063006570067585,0.15356705913060825,0.20903141796588898,0.22250406444072723
-2,QAM16,0.17063006570067585,0.20475607884081104,0.18769307227074344,0.26404017210006714,0.23820191621780396
-2,QAM16,0.20475607884081104,0.2388820919809462,0.22181908541087864,0.3061869442462921,0.2612725496292114
-2,QAM16,0.2388820919809462,0.27300810512108137,0.25594509855101377,0.34192243218421936,0.2770840525627136
-2,QAM16,0.27300810512108137,0.30713411826121656,0.29007111169114896,0.36758074164390564,0.2842807471752167
-2,QAM16,0.30713411826121656,0.3412601314013517,0.32419712483128416,0.4299294948577881,0.3000965118408203
-2,QAM16,0.3412601314013517,0.3753861445414869,0.3583231379714193,0.47055041790008545,0.3295237720012665
-2,QAM16,0.3753861445414869,0.4095121576816221,0.3924491511115545,0.507362425327301,0.3333066701889038
-2,QAM16,0.4095121576816221,0.4436381708217572,0.4265751642516896,0.5440437197685242,0.34958162903785706
-2,QAM16,0.4436381708217572,0.4777641839618924,0.4607011773918248,0.5797792673110962,0.3668190836906433
-2,QAM16,0.4777641839618924,0.5118901971020275,0.49482719053196,0.6005639433860779,0.3568068742752075
-2,QAM16,0.5118901971020275,0.5460162102421627,0.5289532036720952,0.6269634962081909,0.36689090728759766
-2,QAM16,0.5460162102421627,0.5801422233822979,0.5630792168122303,0.668272078037262,0.3802059292793274
-2,QAM16,0.5801422233822979,0.6142682365224331,0.5972052299523656,0.6968499422073364,0.379244863986969
-2,QAM16,0.6142682365224331,0.6483942496625682,0.6313312430925007,0.7092397809028625,0.42389389872550964
-2,QAM16,0.6483942496625682,0.6825202628027034,0.6654572562326357,0.7248414754867554,0.39573267102241516
-2,QAM16,0.6825202628027034,0.7166462759428386,0.699583269372771,0.7385448217391968,0.40688005089759827
-2,QAM16,0.7166462759428386,0.7507722890829738,0.7337092825129061,0.7658926844596863,0.4036896228790283
-2,QAM16,0.7507722890829738,0.784898302223109,0.7678352956530414,0.7353795766830444,0.4033905863761902
-2,QAM16,0.784898302223109,0.8190243153632442,0.8019613087931765,0.7523240447044373,0.4080617129802704
-2,QAM16,0.8190243153632442,0.8531503285033792,0.8360873219333117,0.7688035368919373,0.4250671863555908
-2,QAM16,0.8531503285033792,0.8872763416435144,0.8702133350734469,0.7981476783752441,0.4129512310028076
-2,QAM16,0.8872763416435144,0.9214023547836496,0.904339348213582,0.7823572754859924,0.41471585631370544
-2,QAM16,0.9214023547836496,0.9555283679237848,0.9384653613537173,0.7697099447250366,0.4181874096393585
-2,QAM16,0.9555283679237848,0.98965438106392,0.9725913744938524,0.7605220675468445,0.4025208353996277
-2,QAM16,0.98965438106392,1.023780394204055,1.0067173876339877,0.7639521360397339,0.42151251435279846
-2,QAM16,1.023780394204055,1.0579064073441904,1.0408434007741227,0.7410655617713928,0.41481348872184753
-2,QAM16,1.0579064073441904,1.0920324204843255,1.0749694139142578,0.7589001655578613,0.40962833166122437
-2,QAM16,1.0920324204843255,1.1261584336244606,1.1090954270543931,0.7103605270385742,0.4010343551635742
-2,QAM16,1.1261584336244606,1.1602844467645959,1.1432214401945282,0.6931660175323486,0.3881164789199829
-2,QAM16,1.1602844467645959,1.194410459904731,1.1773474533346633,0.6913177967071533,0.39699456095695496
-2,QAM16,1.194410459904731,1.2285364730448662,1.2114734664747986,0.6970086693763733,0.39661312103271484
-2,QAM16,1.2285364730448662,1.2626624861850013,1.245599479614934,0.6374512314796448,0.3656657040119171
-2,QAM16,1.2626624861850013,1.2967884993251364,1.2797254927550687,0.6237099170684814,0.37634792923927307
-2,QAM16,1.2967884993251364,1.3309145124652717,1.313851505895204,0.5778961777687073,0.3489736020565033
-2,QAM16,1.3309145124652717,1.3650405256054068,1.3479775190353394,0.5600234866142273,0.3429717719554901
-2,QAM16,1.3650405256054068,1.399166538745542,1.3821035321754744,0.5130079388618469,0.34744060039520264
-2,QAM16,1.399166538745542,1.4332925518856772,1.4162295453156095,0.4956454634666443,0.33364301919937134
-2,QAM16,1.4332925518856772,1.4674185650258122,1.4503555584557448,0.4896172881126404,0.32437488436698914
-2,QAM16,1.4674185650258122,1.5015445781659476,1.48448157159588,0.4566892683506012,0.3134974241256714
-2,QAM16,1.5015445781659476,1.5356705913060826,1.518607584736015,0.4317137897014618,0.3150348365306854
-2,QAM16,1.5356705913060826,1.569796604446218,1.5527335978761503,0.38243427872657776,0.3078252077102661
-2,QAM16,1.569796604446218,1.603922617586353,1.5868596110162856,0.35907262563705444,0.27909737825393677
-2,QAM16,1.603922617586353,1.6380486307264883,1.6209856241564207,0.32674625515937805,0.26807788014411926
-2,QAM16,1.6380486307264883,1.6721746438666234,1.6551116372965557,0.29879793524742126,0.25258374214172363
-2,QAM16,1.6721746438666234,1.7063006570067585,1.689237650436691,0.28549811244010925,0.24437709152698517
-2,QAM16,1.7063006570067585,1.7404266701468938,1.7233636635768261,0.26920056343078613,0.24758312106132507
-2,QAM16,1.7404266701468938,1.7745526832870289,1.7574896767169612,0.2389976978302002,0.23109747469425201
-2,QAM16,1.7745526832870289,1.8086786964271642,1.7916156898570965,0.22228407859802246,0.21613457798957825
-2,QAM16,1.8086786964271642,1.8428047095672992,1.8257417029972318,0.20075397193431854,0.21327592432498932
-2,QAM16,1.8428047095672992,1.8769307227074343,1.8598677161373667,0.19044676423072815,0.2176862359046936
-2,QAM16,1.8769307227074343,1.9110567358475696,1.893993729277502,0.17118749022483826,0.1935187131166458
-2,QAM16,1.9110567358475696,1.9451827489877047,1.9281197424176373,0.1613094061613083,0.18980880081653595
-2,QAM16,1.9451827489877047,1.97930876212784,1.9622457555577724,0.13567505776882172,0.182705357670784
-2,QAM16,1.97930876212784,2.013434775267975,1.9963717686979074,0.12467732280492783,0.1703515201807022
-2,QAM16,2.013434775267975,2.04756078840811,2.0304977818380427,0.10657203197479248,0.15350200235843658
-2,QAM16,2.04756078840811,2.0816868015482455,2.0646237949781776,0.09854484349489212,0.14443260431289673
-2,QAM16,2.0816868015482455,2.115812814688381,2.0987498081183134,0.0829433798789978,0.14289523661136627
-2,QAM16,2.115812814688381,2.1499388278285156,2.132875821258448,0.06829919666051865,0.12242820113897324
-2,QAM16,2.1499388278285156,2.184064840968651,2.167001834398583,0.06827198714017868,0.12403257936239243
-2,QAM16,2.184064840968651,2.2181908541087862,2.201127847538719,0.05431806296110153,0.11105114221572876
-2,QAM16,2.2181908541087862,2.252316867248921,2.2352538606788537,0.05387122929096222,0.10942167788743973
-2,QAM16,2.252316867248921,2.2864428803890564,2.2693798738189885,0.04513201117515564,0.10351483523845673
-2,QAM16,2.2864428803890564,2.3205688935291917,2.3035058869591243,0.04079122096300125,0.10051502287387848
-2,QAM16,2.3205688935291917,2.354694906669327,2.337631900099259,0.03529874235391617,0.09119996428489685
-2,QAM16,2.354694906669327,2.388820919809462,2.3717579132393944,0.02818383276462555,0.08257357031106949
-2,QAM16,2.388820919809462,2.422946932949597,2.4058839263795297,0.022916557267308235,0.07026971131563187
-2,QAM16,2.422946932949597,2.4570729460897325,2.4400099395196646,0.016957217827439308,0.0666094571352005
-2,QAM16,2.4570729460897325,2.4911989592298673,2.4741359526598,0.015361853875219822,0.05826197564601898
-2,QAM16,2.4911989592298673,2.5253249723700026,2.508261965799935,0.017196906730532646,0.06294325739145279
-2,QAM16,2.5253249723700026,2.559450985510138,2.54238797894007,0.01421542838215828,0.05806710571050644
-2,QAM16,2.559450985510138,2.593576998650273,2.5765139920802054,0.010319973342120647,0.04754192754626274
-2,QAM16,2.593576998650273,2.627703011790408,2.6106400052203407,0.01099411491304636,0.052074454724788666
-2,QAM16,2.627703011790408,2.6618290249305434,2.6447660183604755,0.008710218593478203,0.04382528364658356
-2,QAM16,2.6618290249305434,2.6959550380706787,2.6788920315006113,0.0064100660383701324,0.03913051635026932
-2,QAM64,0.0,0.03412601314013517,0.017063006570067586,0.02497149631381035,0.07704472541809082
-2,QAM64,0.03412601314013517,0.06825202628027034,0.05118901971020276,0.07107323408126831,0.12599897384643555
-2,QAM64,0.06825202628027034,0.10237803942040552,0.08531503285033792,0.12772339582443237,0.17268627882003784
-2,QAM64,0.10237803942040552,0.13650405256054068,0.1194410459904731,0.16595980525016785,0.18370585143566132
-2,QAM64,0.13650405256054068,0.17063006570067585,0.15356705913060825,0.20815883576869965,0.20710425078868866
-2,QAM64,0.17063006570067585,0.20475607884081104,0.18769307227074344,0.2695773243904114,0.24426589906215668
-2,QAM64,0.20475607884081104,0.2388820919809462,0.22181908541087864,0.3149583637714386,0.2701323628425598
-2,QAM64,0.2388820919809462,0.27300810512108137,0.25594509855101377,0.3396991491317749,0.2773222029209137
-2,QAM64,0.27300810512108137,0.30713411826121656,0.29007111169114896,0.38577237725257874,0.28252267837524414
-2,QAM64,0.30713411826121656,0.3412601314013517,0.32419712483128416,0.4309241473674774,0.30335095524787903
-2,QAM64,0.3412601314013517,0.3753861445414869,0.3583231379714193,0.46510380506515503,0.3201727569103241
-2,QAM64,0.3753861445414869,0.4095121576816221,0.3924491511115545,0.504542350769043,0.34416064620018005
-2,QAM64,0.4095121576816221,0.4436381708217572,0.4265751642516896,0.5524288415908813,0.3482152223587036
-2,QAM64,0.4436381708217572,0.4777641839618924,0.4607011773918248,0.5953379273414612,0.35861536860466003
-2,QAM64,0.4777641839618924,0.5118901971020275,0.49482719053196,0.6142855882644653,0.3744276762008667
-2,QAM64,0.5118901971020275,0.5460162102421627,0.5289532036720952,0.6289745569229126,0.37546372413635254
-2,QAM64,0.5460162102421627,0.5801422233822979,0.5630792168122303,0.6667457818984985,0.376143217086792
-2,QAM64,0.5801422233822979,0.6142682365224331,0.5972052299523656,0.6684914231300354,0.39275991916656494
-2,QAM64,0.6142682365224331,0.6483942496625682,0.6313312430925007,0.7204385995864868,0.4079826772212982
-2,QAM64,0.6483942496625682,0.6825202628027034,0.6654572562326357,0.7042927145957947,0.3881892263889313
-2,QAM64,0.6825202628027034,0.7166462759428386,0.699583269372771,0.7261130213737488,0.39841994643211365
-2,QAM64,0.7166462759428386,0.7507722890829738,0.7337092825129061,0.7453312277793884,0.406469464302063
-2,QAM64,0.7507722890829738,0.784898302223109,0.7678352956530414,0.757341206073761,0.4031255543231964
-2,QAM64,0.784898302223109,0.8190243153632442,0.8019613087931765,0.7760849595069885,0.42863503098487854
-2,QAM64,0.8190243153632442,0.8531503285033792,0.8360873219333117,0.7822485566139221,0.44045761227607727
-2,QAM64,0.8531503285033792,0.8872763416435144,0.8702133350734469,0.7648294568061829,0.3951071500778198
-2,QAM64,0.8872763416435144,0.9214023547836496,0.904339348213582,0.7831048965454102,0.4259203374385834
-2,QAM64,0.9214023547836496,0.9555283679237848,0.9384653613537173,0.784071683883667,0.41682150959968567
-2,QAM64,0.9555283679237848,0.98965438106392,0.9725913744938524,0.7523123621940613,0.4139844477176666
-2,QAM64,0.98965438106392,1.023780394204055,1.0067173876339877,0.7382862567901611,0.3996671736240387
-2,QAM64,1.023780394204055,1.0579064073441904,1.0408434007741227,0.7487771511077881,0.41018280386924744
-2,QAM64,1.0579064073441904,1.0920324204843255,1.0749694139142578,0.721020519733429,0.407241553068161
-2,QAM64,1.0920324204843255,1.1261584336244606,1.1090954270543931,0.7329540252685547,0.40331682562828064
-2,QAM64,1.1261584336244606,1.1602844467645959,1.1432214401945282,0.7008895874023438,0.39728692173957825
-2,QAM64,1.1602844467645959,1.194410459904731,1.1773474533346633,0.6763234734535217,0.3872426450252533
-2,QAM64,1.194410459904731,1.2285364730448662,1.2114734664747986,0.6690424084663391,0.3933790326118469
-2,QAM64,1.2285364730448662,1.2626624861850013,1.245599479614934,0.6389790177345276,0.38578590750694275
-2,QAM64,1.2626624861850013,1.2967884993251364,1.2797254927550687,0.6190398931503296,0.38081300258636475
-2,QAM64,1.2967884993251364,1.3309145124652717,1.313851505895204,0.5816601514816284,0.3601626753807068
-2,QAM64,1.3309145124652717,1.3650405256054068,1.3479775190353394,0.5551071166992188,0.3614649474620819
-2,QAM64,1.3650405256054068,1.399166538745542,1.3821035321754744,0.5248197913169861,0.3470926284790039
-2,QAM64,1.399166538745542,1.4332925518856772,1.4162295453156095,0.5133663415908813,0.32961785793304443
-2,QAM64,1.4332925518856772,1.4674185650258122,1.4503555584557448,0.4586138129234314,0.32773807644844055
-2,QAM64,1.4674185650258122,1.5015445781659476,1.48448157159588,0.4395639896392822,0.316643625497818
-2,QAM64,1.5015445781659476,1.5356705913060826,1.518607584736015,0.41574612259864807,0.30616721510887146
-2,QAM64,1.5356705913060826,1.569796604446218,1.5527335978761503,0.4047752022743225,0.28720107674598694
-2,QAM64,1.569796604446218,1.603922617586353,1.5868596110162856,0.3547762632369995,0.282107949256897
-2,QAM64,1.603922617586353,1.6380486307264883,1.6209856241564207,0.339241623878479,0.27384430170059204
-2,QAM64,1.6380486307264883,1.6721746438666234,1.6551116372965557,0.31513652205467224,0.26428666710853577
-2,QAM64,1.6721746438666234,1.7063006570067585,1.689237650436691,0.28811731934547424,0.24804645776748657
-2,QAM64,1.7063006570067585,1.7404266701468938,1.7233636635768261,0.26315638422966003,0.23762957751750946
-2,QAM64,1.7404266701468938,1.7745526832870289,1.7574896767169612,0.24203483760356903,0.23522122204303741
-2,QAM64,1.7745526832870289,1.8086786964271642,1.7916156898570965,0.2120324820280075,0.2134745568037033
-2,QAM64,1.8086786964271642,1.8428047095672992,1.8257417029972318,0.20902392268180847,0.22388584911823273
-2,QAM64,1.8428047095672992,1.8769307227074343,1.8598677161373667,0.1909094899892807,0.20098814368247986
-2,QAM64,1.8769307227074343,1.9110567358475696,1.893993729277502,0.1733056604862213,0.1927349865436554
-2,QAM64,1.9110567358475696,1.9451827489877047,1.9281197424176373,0.15401598811149597,0.18309961259365082
-2,QAM64,1.9451827489877047,1.97930876212784,1.9622457555577724,0.14028024673461914,0.17687587440013885
-2,QAM64,1.97930876212784,2.013434775267975,1.9963717686979074,0.11851205676794052,0.15940657258033752
-2,QAM64,2.013434775267975,2.04756078840811,2.0304977818380427,0.11482937633991241,0.1594795435667038
-2,QAM64,2.04756078840811,2.0816868015482455,2.0646237949781776,0.0891479030251503,0.149519145488739
-2,QAM64,2.0816868015482455,2.115812814688381,2.0987498081183134,0.08044306188821793,0.1316024661064148
-2,QAM64,2.115812814688381,2.1499388278285156,2.132875821258448,0.0836770161986351,0.138279527425766
-2,QAM64,2.1499388278285156,2.184064840968651,2.167001834398583,0.07287035137414932,0.12612378597259521
-2,QAM64,2.184064840968651,2.2181908541087862,2.201127847538719,0.055689793080091476,0.11271446943283081
-2,QAM64,2.2181908541087862,2.252316867248921,2.2352538606788537,0.0547884926199913,0.11228469014167786
-2,QAM64,2.252316867248921,2.2864428803890564,2.2693798738189885,0.04719586297869682,0.10335324704647064
-2,QAM64,2.2864428803890564,2.3205688935291917,2.3035058869591243,0.03598369285464287,0.09063830226659775
-2,QAM64,2.3205688935291917,2.354694906669327,2.337631900099259,0.03783674165606499,0.09336670488119125
-2,QAM64,2.354694906669327,2.388820919809462,2.3717579132393944,0.027749404311180115,0.08023394644260406
-2,QAM64,2.388820919809462,2.422946932949597,2.4058839263795297,0.021324828267097473,0.07334918528795242
-2,QAM64,2.422946932949597,2.4570729460897325,2.4400099395196646,0.02981519140303135,0.08492350578308105
-2,QAM64,2.4570729460897325,2.4911989592298673,2.4741359526598,0.018806612119078636,0.0645696222782135
-2,QAM64,2.4911989592298673,2.5253249723700026,2.508261965799935,0.012611049227416515,0.053267426788806915
-2,QAM64,2.5253249723700026,2.559450985510138,2.54238797894007,0.016962537541985512,0.06257004290819168
-2,QAM64,2.559450985510138,2.593576998650273,2.5765139920802054,0.010541662573814392,0.05014295130968094
-2,QAM64,2.593576998650273,2.627703011790408,2.6106400052203407,0.009397009387612343,0.0465862862765789
-2,QAM64,2.627703011790408,2.6618290249305434,2.6447660183604755,0.0059522041119635105,0.03643082454800606
-2,QAM64,2.6618290249305434,2.6959550380706787,2.6788920315006113,0.007104069925844669,0.03971801698207855
0,QAM16,0.0,0.03412601314013517,0.017063006570067586,0.020380256697535515,0.06679203361272812
0,QAM16,0.03412601314013517,0.06825202628027034,0.05118901971020276,0.06319582462310791,0.11716365069150925
0,QAM16,0.06825202628027034,0.10237803942040552,0.08531503285033792,0.10284561663866043,0.15084236860275269
0,QAM16,0.10237803942040552,0.13650405256054068,0.1194410459904731,0.13787178695201874,0.1752878576517105
0,QAM16,0.13650405256054068,0.17063006570067585,0.15356705913060825,0.18663012981414795,0.2069685459136963
0,QAM16,0.17063006570067585,0.20475607884081104,0.18769307227074344,0.236805260181427,0.234132319688797
0,QAM16,0.20475607884081104,0.2388820919809462,0.22181908541087864,0.25212037563323975,0.24397557973861694
0,QAM16,0.2388820919809462,0.27300810512108137,0.25594509855101377,0.2990317642688751,0.25845372676849365
0,QAM16,0.27300810512108137,0.30713411826121656,0.29007111169114896,0.3411805331707001,0.2802422046661377
0,QAM16,0.30713411826121656,0.3412601314013517,0.32419712483128416,0.3844739496707916,0.29093876481056213
0,QAM16,0.3412601314013517,0.3753861445414869,0.3583231379714193,0.426408052444458,0.31565192341804504
0,QAM16,0.3753861445414869,0.4095121576816221,0.3924491511115545,0.45780059695243835,0.32684946060180664
0,QAM16,0.4095121576816221,0.4436381708217572,0.4265751642516896,0.5008003115653992,0.3259783089160919
0,QAM16,0.4436381708217572,0.4777641839618924,0.4607011773918248,0.5227935910224915,0.337455689907074
0,QAM16,0.4777641839618924,0.5118901971020275,0.49482719053196,0.5527297258377075,0.35384371876716614
0,QAM16,0.5118901971020275,0.5460162102421627,0.5289532036720952,0.5855254530906677,0.35022538900375366
0,QAM16,0.5460162102421627,0.5801422233822979,0.5630792168122303,0.607526957988739,0.37914958596229553
0,QAM16,0.5801422233822979,0.6142682365224331,0.5972052299523656,0.6329380869865417,0.36418861150741577
0,QAM16,0.6142682365224331,0.6483942496625682,0.6313312430925007,0.6793637871742249,0.384618878364563
0,QAM16,0.6483942496625682,0.6825202628027034,0.6654572562326357,0.7107486128807068,0.40462860465049744
0,QAM16,0.6825202628027034,0.7166462759428386,0.699583269372771,0.7171448469161987,0.3898867070674896
0,QAM16,0.7166462759428386,0.7507722890829738,0.7337092825129061,0.7391275763511658,0.41131120920181274
0,QAM16,0.7507722890829738,0.784898302223109,0.7678352956530414,0.8004897236824036,0.42287710309028625
0,QAM16,0.784898302223109,0.8190243153632442,0.8019613087931765,0.76865553855896,0.397845059633255
0,QAM16,0.8190243153632442,0.8531503285033792,0.8360873219333117,0.7915665507316589,0.42150649428367615
0,QAM16,0.8531503285033792,0.8872763416435144,0.8702133350734469,0.8320921063423157,0.4156772196292877
0,QAM16,0.8872763416435144,0.9214023547836496,0.904339348213582,0.8222358226776123,0.42263078689575195
0,QAM16,0.9214023547836496,0.9555283679237848,0.9384653613537173,0.8210837244987488,0.424303263425827
0,QAM16,0.9555283679237848,0.98965438106392,0.9725913744938524,0.8169617056846619,0.4398556649684906
0,QAM16,0.98965438106392,1.023780394204055,1.0067173876339877,0.8407745957374573,0.44194093346595764
0,QAM16,1.023780394204055,1.0579064073441904,1.0408434007741227,0.8233640789985657,0.4175453782081604
0,QAM16,1.0579064073441904,1.0920324204843255,1.0749694139142578,0.8006898760795593,0.43619590997695923
0,QAM16,1.0920324204843255,1.1261584336244606,1.1090954270543931,0.8041532039642334,0.4242393970489502
0,QAM16,1.1261584336244606,1.1602844467645959,1.1432214401945282,0.7629806995391846,0.4177461266517639
0,QAM16,1.1602844467645959,1.194410459904731,1.1773474533346633,0.7544728517532349,0.44515907764434814
0,QAM16,1.194410459904731,1.2285364730448662,1.2114734664747986,0.7533299922943115,0.4136737883090973
0,QAM16,1.2285364730448662,1.2626624861850013,1.245599479614934,0.7055158019065857,0.4011191427707672
0,QAM16,1.2626624861850013,1.2967884993251364,1.2797254927550687,0.6933194398880005,0.403338760137558
0,QAM16,1.2967884993251364,1.3309145124652717,1.313851505895204,0.6685969233512878,0.38933491706848145
0,QAM16,1.3309145124652717,1.3650405256054068,1.3479775190353394,0.6273536086082458,0.38704317808151245
0,QAM16,1.3650405256054068,1.399166538745542,1.3821035321754744,0.5861589908599854,0.36607804894447327
0,QAM16,1.399166538745542,1.4332925518856772,1.4162295453156095,0.5575400590896606,0.35732677578926086
0,QAM16,1.4332925518856772,1.4674185650258122,1.4503555584557448,0.5160914063453674,0.34198644757270813
0,QAM16,1.4674185650258122,1.5015445781659476,1.48448157159588,0.4863138794898987,0.330691397190094
0,QAM16,1.5015445781659476,1.5356705913060826,1.518607584736015,0.42404139041900635,0.311587393283844
0,QAM16,1.5356705913060826,1.569796604446218,1.5527335978761503,0.40871718525886536,0.308271199464798
0,QAM16,1.569796604446218,1.603922617586353,1.5868596110162856,0.3933789134025574,0.2976827025413513
0,QAM16,1.603922617586353,1.6380486307264883,1.6209856241564207,0.3402595818042755,0.27186134457588196
0,QAM16,1.6380486307264883,1.6721746438666234,1.6551116372965557,0.2995203137397766,0.2575915455818176
0,QAM16,1.6721746438666234,1.7063006570067585,1.689237650436691,0.29379355907440186,0.25490042567253113
0,QAM16,1.7063006570067585,1.7404266701468938,1.7233636635768261,0.26653221249580383,0.24672602117061615
0,QAM16,1.7404266701468938,1.7745526832870289,1.7574896767169612,0.2360788732767105,0.23796308040618896
0,QAM16,1.7745526832870289,1.8086786964271642,1.7916156898570965,0.203107550740242,0.2103956639766693
0,QAM16,1.8086786964271642,1.8428047095672992,1.8257417029972318,0.17678789794445038,0.19833889603614807
0,QAM16,1.8428047095672992,1.8769307227074343,1.8598677161373667,0.1529719978570938,0.18291449546813965
0,QAM16,1.8769307227074343,1.9110567358475696,1.893993729277502,0.14474515616893768,0.1884121298789978
0,QAM16,1.9110567358475696,1.9451827489877047,1.9281197424176373,0.11335470527410507,0.16545675694942474
0,QAM16,1.9451827489877047,1.97930876212784,1.9622457555577724,0.10417952388525009,0.1566319316625595
0,QAM16,1.97930876212784,2.013434775267975,1.9963717686979074,0.09113238751888275,0.14760681986808777
0,QAM16,2.013434775267975,2.04756078840811,2.0304977818380427,0.08289999514818192,0.13682961463928223
0,QAM16,2.04756078840811,2.0816868015482455,2.0646237949781776,0.06733284145593643,0.13191886246204376
0,QAM16,2.0816868015482455,2.115812814688381,2.0987498081183134,0.048544224351644516,0.10569626092910767
0,QAM16,2.115812814688381,2.1499388278285156,2.132875821258448,0.04831347614526749,0.107518270611763
0,QAM16,2.1499388278285156,2.184064840968651,2.167001834398583,0.03618912398815155,0.09192462265491486
0,QAM16,2.184064840968651,2.2181908541087862,2.201127847538719,0.03137439861893654,0.08200479298830032
0,QAM16,2.2181908541087862,2.252316867248921,2.2352538606788537,0.025880036875605583,0.08137448132038116
0,QAM16,2.252316867248921,2.2864428803890564,2.2693798738189885,0.026341484859585762,0.07860235869884491
0,QAM16,2.2864428803890564,2.3205688935291917,2.3035058869591243,0.018328888341784477,0.06858333945274353
0,QAM16,2.3205688935291917,2.354694906669327,2.337631900099259,0.012135135941207409,0.05330026149749756
0,QAM16,2.354694906669327,2.388820919809462,2.3717579132393944,0.012830941006541252,0.05654975399374962
0,QAM16,2.388820919809462,2.422946932949597,2.4058839263795297,0.010543436743319035,0.051233772188425064
0,QAM16,2.422946932949597,2.4570729460897325,2.4400099395196646,0.009160839952528477,0.04603184759616852
0,QAM16,2.4570729460897325,2.4911989592298673,2.4741359526598,0.0077944668009877205,0.04154684394598007
0,QAM16,2.4911989592298673,2.5253249723700026,2.508261965799935,0.006884180009365082,0.04046237841248512
0,QAM16,2.5253249723700026,2.559450985510138,2.54238797894007,0.005043691024184227,0.033628568053245544
0,QAM16,2.559450985510138,2.593576998650273,2.5765139920802054,0.004127996042370796,0.030490461736917496
0,QAM16,2.593576998650273,2.627703011790408,2.6106400052203407,0.003662894945591688,0.03049505688250065
0,QAM16,2.627703011790408,2.6618290249305434,2.6447660183604755,0.003891825908794999,0.029594039544463158
0,QAM16,2.6618290249305434,2.6959550380706787,2.6788920315006113,0.0020603782031685114,0.023921703919768333
0,QAM64,0.0,0.03412601314013517,0.017063006570067586,0.017169807106256485,0.06449741125106812
0,QAM64,0.03412601314013517,0.06825202628027034,0.05118901971020276,0.06320134550333023,0.11805492639541626
0,QAM64,0.06825202628027034,0.10237803942040552,0.08531503285033792,0.11914832144975662,0.1736897975206375
0,QAM64,0.10237803942040552,0.13650405256054068,0.1194410459904731,0.15758508443832397,0.18787971138954163
0,QAM64,0.13650405256054068,0.17063006570067585,0.15356705913060825,0.19078360497951508,0.2142479419708252
0,QAM64,0.17063006570067585,0.20475607884081104,0.18769307227074344,0.22952154278755188,0.22843033075332642
0,QAM64,0.20475607884081104,0.2388820919809462,0.22181908541087864,0.25693878531455994,0.24272926151752472
0,QAM64,0.2388820919809462,0.27300810512108137,0.25594509855101377,0.3095843195915222,0.26147493720054626
0,QAM64,0.27300810512108137,0.30713411826121656,0.29007111169114896,0.3446493446826935,0.28305208683013916
0,QAM64,0.30713411826121656,0.3412601314013517,0.32419712483128416,0.3765213191509247,0.27593323588371277
0,QAM64,0.3412601314013517,0.3753861445414869,0.3583231379714193,0.4255705177783966,0.30224961042404175
0,QAM64,0.3753861445414869,0.4095121576816221,0.3924491511115545,0.4681951403617859,0.3083803653717041
0,QAM64,0.4095121576816221,0.4436381708217572,0.4265751642516896,0.5153207778930664,0.3598230183124542
0,QAM64,0.4436381708217572,0.4777641839618924,0.4607011773918248,0.5322826504707336,0.3388412594795227
0,QAM64,0.4777641839618924,0.5118901971020275,0.49482719053196,0.5514252185821533,0.34834593534469604
0,QAM64,0.5118901971020275,0.5460162102421627,0.5289532036720952,0.6046109199523926,0.3737301528453827
0,QAM64,0.5460162102421627,0.5801422233822979,0.5630792168122303,0.6380518078804016,0.37589073181152344
0,QAM64,0.5801422233822979,0.6142682365224331,0.5972052299523656,0.6606751680374146,0.3792091906070709
0,QAM64,0.6142682365224331,0.6483942496625682,0.6313312430925007,0.7096167206764221,0.3888569474220276
0,QAM64,0.6483942496625682,0.6825202628027034,0.6654572562326357,0.7046061754226685,0.3847063183784485
0,QAM64,0.6825202628027034,0.7166462759428386,0.699583269372771,0.7043595910072327,0.4093868136405945
0,QAM64,0.7166462759428386,0.7507722890829738,0.7337092825129061,0.7330584526062012,0.40515151619911194
0,QAM64,0.7507722890829738,0.784898302223109,0.7678352956530414,0.7637041211128235,0.3971647322177887
0,QAM64,0.784898302223109,0.8190243153632442,0.8019613087931765,0.7698655724525452,0.4212476909160614
0,QAM64,0.8190243153632442,0.8531503285033792,0.8360873219333117,0.8308456540107727,0.42033466696739197
0,QAM64,0.8531503285033792,0.8872763416435144,0.8702133350734469,0.8218401670455933,0.4372802674770355
0,QAM64,0.8872763416435144,0.9214023547836496,0.904339348213582,0.8181763291358948,0.4189371168613434
0,QAM64,0.9214023547836496,0.9555283679237848,0.9384653613537173,0.8271288275718689,0.4439375698566437
0,QAM64,0.9555283679237848,0.98965438106392,0.9725913744938524,0.8055939674377441,0.4201723337173462
0,QAM64,0.98965438106392,1.023780394204055,1.0067173876339877,0.8193646669387817,0.43227988481521606
0,QAM64,1.023780394204055,1.0579064073441904,1.0408434007741227,0.7901972532272339,0.4364861249923706
0,QAM64,1.0579064073441904,1.0920324204843255,1.0749694139142578,0.7893105745315552,0.42938023805618286
0,QAM64,1.0920324204843255,1.1261584336244606,1.1090954270543931,0.78913414478302,0.3991435766220093
0,QAM64,1.1261584336244606,1.1602844467645959,1.1432214401945282,0.7227119207382202,0.39746764302253723
0,QAM64,1.1602844467645959,1.194410459904731,1.1773474533346633,0.7447052001953125,0.41154131293296814
0,QAM64,1.194410459904731,1.2285364730448662,1.2114734664747986,0.7238959074020386,0.41172125935554504
0,QAM64,1.2285364730448662,1.2626624861850013,1.245599479614934,0.6996166706085205,0.4066765010356903
0,QAM64,1.2626624861850013,1.2967884993251364,1.2797254927550687,0.684215247631073,0.4015476703643799
0,QAM64,1.2967884993251364,1.3309145124652717,1.313851505895204,0.6352236270904541,0.36927497386932373
0,QAM64,1.3309145124652717,1.3650405256054068,1.3479775190353394,0.6099651455879211,0.35853758454322815
0,QAM64,1.3650405256054068,1.399166538745542,1.3821035321754744,0.5536306500434875,0.35900941491127014
0,QAM64,1.399166538745542,1.4332925518856772,1.4162295453156095,0.5449873208999634,0.3365808129310608
0,QAM64,1.4332925518856772,1.4674185650258122,1.4503555584557448,0.5198231935501099,0.33332353830337524
0,QAM64,1.4674185650258122,1.5015445781659476,1.48448157159588,0.47446954250335693,0.3201286196708679
0,QAM64,1.5015445781659476,1.5356705913060826,1.518607584736015,0.4453788101673126,0.3075488209724426
0,QAM64,1.5356705913060826,1.569796604446218,1.5527335978761503,0.4211212396621704,0.3041948676109314
0,QAM64,1.569796604446218,1.603922617586353,1.5868596110162856,0.38174864649772644,0.2918359935283661
0,QAM64,1.603922617586353,1.6380486307264883,1.6209856241564207,0.34645894169807434,0.27493298053741455
0,QAM64,1.6380486307264883,1.6721746438666234,1.6551116372965557,0.32587283849716187,0.26940059661865234
0,QAM64,1.6721746438666234,1.7063006570067585,1.689237650436691,0.279603511095047,0.2515051066875458
0,QAM64,1.7063006570067585,1.7404266701468938,1.7233636635768261,0.25349223613739014,0.2296062558889389
0,QAM64,1.7404266701468938,1.7745526832870289,1.7574896767169612,0.2303737848997116,0.22060716152191162
0,QAM64,1.7745526832870289,1.8086786964271642,1.7916156898570965,0.20450294017791748,0.21526941657066345
0,QAM64,1.8086786964271642,1.8428047095672992,1.8257417029972318,0.17153526842594147,0.1999296396970749
0,QAM64,1.8428047095672992,1.8769307227074343,1.8598677161373667,0.17266908288002014,0.19479139149188995
0,QAM64,1.8769307227074343,1.9110567358475696,1.893993729277502,0.14910946786403656,0.18426860868930817
0,QAM64,1.9110567358475696,1.9451827489877047,1.9281197424176373,0.12045339494943619,0.16213755309581757
0,QAM64,1.9451827489877047,1.97930876212784,1.9622457555577724,0.1106184795498848,0.16124685108661652
0,QAM64,1.97930876212784,2.013434775267975,1.9963717686979074,0.09527124464511871,0.14682389795780182
0,QAM64,2.013434775267975,2.04756078840811,2.0304977818380427,0.08725868910551071,0.1429971307516098
0,QAM64,2.04756078840811,2.0816868015482455,2.0646237949781776,0.07351404428482056,0.13200947642326355
0,QAM64,2.0816868015482455,2.115812814688381,2.0987498081183134,0.061159081757068634,0.11854206770658493
0,QAM64,2.115812814688381,2.1499388278285156,2.132875821258448,0.054042186588048935,0.11409840732812881
0,QAM64,2.1499388278285156,2.184064840968651,2.167001834398583,0.04352226108312607,0.10034966468811035
0,QAM64,2.184064840968651,2.2181908541087862,2.201127847538719,0.03711389750242233,0.09157781302928925
0,QAM64,2.2181908541087862,2.252316867248921,2.2352538606788537,0.032075583934783936,0.08946435898542404
0,QAM64,2.252316867248921,2.2864428803890564,2.2693798738189885,0.028412681072950363,0.08154608309268951
0,QAM64,2.2864428803890564,2.3205688935291917,2.3035058869591243,0.02543116919696331,0.08222124725580215
0,QAM64,2.3205688935291917,2.354694906669327,2.337631900099259,0.017874715849757195,0.06873929500579834
0,QAM64,2.354694906669327,2.388820919809462,2.3717579132393944,0.015122048556804657,0.05871468409895897
0,QAM64,2.388820919809462,2.422946932949597,2.4058839263795297,0.017418600618839264,0.06410776078701019
0,QAM64,2.422946932949597,2.4570729460897325,2.4400099395196646,0.011922513134777546,0.05090641602873802
0,QAM64,2.4570729460897325,2.4911989592298673,2.4741359526598,0.010547042824327946,0.05016683414578438
0,QAM64,2.4911989592298673,2.5253249723700026,2.508261965799935,0.007803509011864662,0.041595347225666046
0,QAM64,2.5253249723700026,2.559450985510138,2.54238797894007,0.006433586589992046,0.03790632635354996
0,QAM64,2.559450985510138,2.593576998650273,2.5765139920802054,0.004122559446841478,0.030449887737631798
0,QAM64,2.593576998650273,2.627703011790408,2.6106400052203407,0.0034393721725791693,0.027870869264006615
0,QAM64,2.627703011790408,2.6618290249305434,2.6447660183604755,0.0034375693649053574,0.02785639837384224
0,QAM64,2.6618290249305434,2.6959550380706787,2.6788920315006113,0.002985143568366766,0.027983305975794792
2,QAM16,0.0,0.03412601314013517,0.017063006570067586,0.018546998500823975,0.06412871927022934
2,QAM16,0.03412601314013517,0.06825202628027034,0.05118901971020276,0.060930896550416946,0.11571234464645386
2,QAM16,0.06825202628027034,0.10237803942040552,0.08531503285033792,0.11225582659244537,0.17029421031475067
2,QAM16,0.10237803942040552,0.13650405256054068,0.1194410459904731,0.13649696111679077,0.17151960730552673
2,QAM16,0.13650405256054068,0.17063006570067585,0.15356705913060825,0.17984889447689056,0.20798997581005096
2,QAM16,0.17063006570067585,0.20475607884081104,0.18769307227074344,0.207565575838089,0.21792088449001312
2,QAM16,0.20475607884081104,0.2388820919809462,0.22181908541087864,0.24479785561561584,0.23977047204971313
2,QAM16,0.2388820919809462,0.27300810512108137,0.25594509855101377,0.26384904980659485,0.24940969049930573
2,QAM16,0.27300810512108137,0.30713411826121656,0.29007111169114896,0.3190816044807434,0.2633371949195862
2,QAM16,0.30713411826121656,0.3412601314013517,0.32419712483128416,0.3650944232940674,0.29693111777305603
2,QAM16,0.3412601314013517,0.3753861445414869,0.3583231379714193,0.39645349979400635,0.2989615797996521
2,QAM16,0.3753861445414869,0.4095121576816221,0.3924491511115545,0.43015795946121216,0.3220828175544739
2,QAM16,0.4095121576816221,0.4436381708217572,0.4265751642516896,0.45965540409088135,0.3125370144844055
2,QAM16,0.4436381708217572,0.4777641839618924,0.4607011773918248,0.5086535811424255,0.336040735244751
2,QAM16,0.4777641839618924,0.5118901971020275,0.49482719053196,0.5394752025604248,0.35684850811958313
2,QAM16,0.5118901971020275,0.5460162102421627,0.5289532036720952,0.5718371868133545,0.3576107621192932
2,QAM16,0.5460162102421627,0.5801422233822979,0.5630792168122303,0.6142038702964783,0.3825269639492035
2,QAM16,0.5801422233822979,0.6142682365224331,0.5972052299523656,0.637184202671051,0.3790947496891022
2,QAM16,0.6142682365224331,0.6483942496625682,0.6313312430925007,0.648402750492096,0.3718705177307129
2,QAM16,0.6483942496625682,0.6825202628027034,0.6654572562326357,0.6673237085342407,0.3907390236854553
2,QAM16,0.6825202628027034,0.7166462759428386,0.699583269372771,0.6873672604560852,0.3924458622932434
2,QAM16,0.7166462759428386,0.7507722890829738,0.7337092825129061,0.711617112159729,0.41409456729888916
2,QAM16,0.7507722890829738,0.784898302223109,0.7678352956530414,0.7473740577697754,0.4070035219192505
2,QAM16,0.784898302223109,0.8190243153632442,0.8019613087931765,0.7437194585800171,0.42108771204948425
2,QAM16,0.8190243153632442,0.8531503285033792,0.8360873219333117,0.7841017842292786,0.4264402389526367
2,QAM16,0.8531503285033792,0.8872763416435144,0.8702133350734469,0.809463381767273,0.43216562271118164
2,QAM16,0.8872763416435144,0.9214023547836496,0.904339348213582,0.8140468001365662,0.4275627136230469
2,QAM16,0.9214023547836496,0.9555283679237848,0.9384653613537173,0.8279820084571838,0.4344973862171173
2,QAM16,0.9555283679237848,0.98965438106392,0.9725913744938524,0.8549691438674927,0.44779855012893677
2,QAM16,0.98965438106392,1.023780394204055,1.0067173876339877,0.8515370488166809,0.4458712637424469
2,QAM16,1.023780394204055,1.0579064073441904,1.0408434007741227,0.8604546785354614,0.464430034160614
2,QAM16,1.0579064073441904,1.0920324204843255,1.0749694139142578,0.8542590141296387,0.45622754096984863
2,QAM16,1.0920324204843255,1.1261584336244606,1.1090954270543931,0.84489506483078,0.4439810514450073
2,QAM16,1.1261584336244606,1.1602844467645959,1.1432214401945282,0.8583727478981018,0.44256100058555603
2,QAM16,1.1602844467645959,1.194410459904731,1.1773474533346633,0.8231155872344971,0.426096647977829
2,QAM16,1.194410459904731,1.2285364730448662,1.2114734664747986,0.8114742636680603,0.43679821491241455
2,QAM16,1.2285364730448662,1.2626624861850013,1.245599479614934,0.8044126629829407,0.4429403245449066
2,QAM16,1.2626624861850013,1.2967884993251364,1.2797254927550687,0.763609766960144,0.4029867649078369
2,QAM16,1.2967884993251364,1.3309145124652717,1.313851505895204,0.726728618144989,0.39529111981391907
2,QAM16,1.3309145124652717,1.3650405256054068,1.3479775190353394,0.7030863165855408,0.40988677740097046
2,QAM16,1.3650405256054068,1.399166538745542,1.3821035321754744,0.6328306794166565,0.3736575245857239
2,QAM16,1.399166538745542,1.4332925518856772,1.4162295453156095,0.5971627235412598,0.36972394585609436
2,QAM16,1.4332925518856772,1.4674185650258122,1.4503555584557448,0.5749353766441345,0.3519462049007416
2,QAM16,1.4674185650258122,1.5015445781659476,1.48448157159588,0.5227283239364624,0.3409910202026367
2,QAM16,1.5015445781659476,1.5356705913060826,1.518607584736015,0.46453362703323364,0.32246240973472595
2,QAM16,1.5356705913060826,1.569796604446218,1.5527335978761503,0.44743841886520386,0.3240262269973755
2,QAM16,1.569796604446218,1.603922617586353,1.5868596110162856,0.3968171775341034,0.3066350519657135
2,QAM16,1.603922617586353,1.6380486307264883,1.6209856241564207,0.34920579195022583,0.2655509114265442
2,QAM16,1.6380486307264883,1.6721746438666234,1.6551116372965557,0.29903411865234375,0.2572435140609741
2,QAM16,1.6721746438666234,1.7063006570067585,1.689237650436691,0.2717655599117279,0.25575050711631775
2,QAM16,1.7063006570067585,1.7404266701468938,1.7233636635768261,0.25460830330848694,0.23829638957977295
2,QAM16,1.7404266701468938,1.7745526832870289,1.7574896767169612,0.21111182868480682,0.21791411936283112
2,QAM16,1.7745526832870289,1.8086786964271642,1.7916156898570965,0.1648676097393036,0.20087119936943054
2,QAM16,1.8086786964271642,1.8428047095672992,1.8257417029972318,0.14657355844974518,0.1877986341714859
2,QAM16,1.8428047095672992,1.8769307227074343,1.8598677161373667,0.12365478277206421,0.17597214877605438
2,QAM16,1.8769307227074343,1.9110567358475696,1.893993729277502,0.10465367138385773,0.15670089423656464
2,QAM16,1.9110567358475696,1.9451827489877047,1.9281197424176373,0.08770584315061569,0.14416788518428802
2,QAM16,1.9451827489877047,1.97930876212784,1.9622457555577724,0.07650123536586761,0.13674601912498474
2,QAM16,1.97930876212784,2.013434775267975,1.9963717686979074,0.06186828762292862,0.11982501298189163
2,QAM16,2.013434775267975,2.04756078840811,2.0304977818380427,0.05314318463206291,0.1160145103931427
2,QAM16,2.04756078840811,2.0816868015482455,2.0646237949781776,0.04123696684837341,0.10029686242341995
2,QAM16,2.0816868015482455,2.115812814688381,2.0987498081183134,0.03116413578391075,0.08559570461511612
2,QAM16,2.115812814688381,2.1499388278285156,2.132875821258448,0.025200489908456802,0.0793389081954956
2,QAM16,2.1499388278285156,2.184064840968651,2.167001834398583,0.016968803480267525,0.06350797414779663
2,QAM16,2.184064840968651,2.2181908541087862,2.201127847538719,0.015118502080440521,0.0596025176346302
2,QAM16,2.2181908541087862,2.252316867248921,2.2352538606788537,0.013551093637943268,0.0579216443002224
2,QAM16,2.252316867248921,2.2864428803890564,2.2693798738189885,0.008255991153419018,0.04742944985628128
2,QAM16,2.2864428803890564,2.3205688935291917,2.3035058869591243,0.011048165149986744,0.054593686014413834
2,QAM16,2.3205688935291917,2.354694906669327,2.337631900099259,0.007803509011864662,0.04527245834469795
2,QAM16,2.354694906669327,2.388820919809462,2.3717579132393944,0.0055128405801951885,0.038022272288799286
2,QAM16,2.388820919809462,2.422946932949597,2.4058839263795297,0.0046232109889388084,0.03709389641880989
2,QAM16,2.422946932949597,2.4570729460897325,2.4400099395196646,0.0032289389055222273,0.02710002474486828
2,QAM16,2.4570729460897325,2.4911989592298673,2.4741359526598,0.002748973900452256,0.026963109150528908
2,QAM16,2.4911989592298673,2.5253249723700026,2.508261965799935,0.00460973521694541,0.03539265692234039
2,QAM16,2.5253249723700026,2.559450985510138,2.54238797894007,0.0013939148047938943,0.01794361136853695
2,QAM16,2.559450985510138,2.593576998650273,2.5765139920802054,0.0016302019357681274,0.019418707117438316
2,QAM16,2.593576998650273,2.627703011790408,2.6106400052203407,0.001622962998226285,0.01933327317237854
2,QAM16,2.627703011790408,2.6618290249305434,2.6447660183604755,0.0013921121135354042,0.020720181986689568
2,QAM16,2.6618290249305434,2.6959550380706787,2.6788920315006113,0.00047650563647039235,0.010644652880728245
2,QAM64,0.0,0.03412601314013517,0.017063006570067586,0.0213112011551857,0.07038222253322601
2,QAM64,0.03412601314013517,0.06825202628027034,0.05118901971020276,0.06412268429994583,0.1245032399892807
2,QAM64,0.06825202628027034,0.10237803942040552,0.08531503285033792,0.09781671315431595,0.1602112352848053
2,QAM64,0.10237803942040552,0.13650405256054068,0.1194410459904731,0.14846046268939972,0.19041629135608673
2,QAM64,0.13650405256054068,0.17063006570067585,0.15356705913060825,0.17458155751228333,0.2123391032218933
2,QAM64,0.17063006570067585,0.20475607884081104,0.18769307227074344,0.21185743808746338,0.21912066638469696
2,QAM64,0.20475607884081104,0.2388820919809462,0.22181908541087864,0.24185454845428467,0.2389264553785324
2,QAM64,0.2388820919809462,0.27300810512108137,0.25594509855101377,0.2773376405239105,0.2536236345767975
2,QAM64,0.27300810512108137,0.30713411826121656,0.29007111169114896,0.3293771743774414,0.2715488076210022
2,QAM64,0.30713411826121656,0.3412601314013517,0.32419712483128416,0.3555144667625427,0.2850376069545746
2,QAM64,0.3412601314013517,0.3753861445414869,0.3583231379714193,0.39560988545417786,0.30161362886428833
2,QAM64,0.3753861445414869,0.4095121576816221,0.3924491511115545,0.43658769130706787,0.3404877185821533
2,QAM64,0.4095121576816221,0.4436381708217572,0.4265751642516896,0.47018182277679443,0.3396426737308502
2,QAM64,0.4436381708217572,0.4777641839618924,0.4607011773918248,0.5148224830627441,0.33680984377861023
2,QAM64,0.4777641839618924,0.5118901971020275,0.49482719053196,0.5557653903961182,0.3518344461917877
2,QAM64,0.5118901971020275,0.5460162102421627,0.5289532036720952,0.5723217725753784,0.3703635334968567
2,QAM64,0.5460162102421627,0.5801422233822979,0.5630792168122303,0.6067251563072205,0.3726271688938141
2,QAM64,0.5801422233822979,0.6142682365224331,0.5972052299523656,0.628524124622345,0.3641320765018463
2,QAM64,0.6142682365224331,0.6483942496625682,0.6313312430925007,0.6549193263053894,0.38044700026512146
2,QAM64,0.6483942496625682,0.6825202628027034,0.6654572562326357,0.6835426092147827,0.37639379501342773
2,QAM64,0.6825202628027034,0.7166462759428386,0.699583269372771,0.7086004614830017,0.37990644574165344
2,QAM64,0.7166462759428386,0.7507722890829738,0.7337092825129061,0.7324379086494446,0.3888953626155853
2,QAM64,0.7507722890829738,0.784898302223109,0.7678352956530414,0.7604660987854004,0.4197932481765747
2,QAM64,0.784898302223109,0.8190243153632442,0.8019613087931765,0.7733173370361328,0.4131280183792114
2,QAM64,0.8190243153632442,0.8531503285033792,0.8360873219333117,0.788475513458252,0.4251275062561035
2,QAM64,0.8531503285033792,0.8872763416435144,0.8702133350734469,0.8225443959236145,0.43632280826568604
2,QAM64,0.8872763416435144,0.9214023547836496,0.904339348213582,0.8369091153144836,0.4426088333129883
2,QAM64,0.9214023547836496,0.9555283679237848,0.9384653613537173,0.8460355401039124,0.450791597366333
2,QAM64,0.9555283679237848,0.98965438106392,0.9725913744938524,0.863262414932251,0.44090136885643005
2,QAM64,0.98965438106392,1.023780394204055,1.0067173876339877,0.8760443925857544,0.45872029662132263
2,QAM64,1.023780394204055,1.0579064073441904,1.0408434007741227,0.8258522152900696,0.4576024115085602
2,QAM64,1.0579064073441904,1.0920324204843255,1.0749694139142578,0.8407599925994873,0.4478158950805664
2,QAM64,1.0920324204843255,1.1261584336244606,1.1090954270543931,0.8130936026573181,0.44692033529281616
2,QAM64,1.1261584336244606,1.1602844467645959,1.1432214401945282,0.7992730736732483,0.4203469753265381
2,QAM64,1.1602844467645959,1.194410459904731,1.1773474533346633,0.8237757086753845,0.4385748505592346
2,QAM64,1.194410459904731,1.2285364730448662,1.2114734664747986,0.7835700511932373,0.4456685185432434
2,QAM64,1.2285364730448662,1.2626624861850013,1.245599479614934,0.7510801553726196,0.4409538507461548
2,QAM64,1.2626624861850013,1.2967884993251364,1.2797254927550687,0.7372573018074036,0.41187506914138794
2,QAM64,1.2967884993251364,1.3309145124652717,1.313851505895204,0.71210116147995,0.4138495922088623
2,QAM64,1.3309145124652717,1.3650405256054068,1.3479775190353394,0.6392659544944763,0.3907245993614197
2,QAM64,1.3650405256054068,1.399166538745542,1.3821035321754744,0.6374856233596802,0.3799247741699219
2,QAM64,1.399166538745542,1.4332925518856772,1.4162295453156095,0.560547411441803,0.3485143482685089
2,QAM64,1.4332925518856772,1.4674185650258122,1.4503555584557448,0.5460986495018005,0.34086570143699646
2,QAM64,1.4674185650258122,1.5015445781659476,1.48448157159588,0.5213778018951416,0.3312985599040985
2,QAM64,1.5015445781659476,1.5356705913060826,1.518607584736015,0.46092018485069275,0.31333252787590027
2,QAM64,1.5356705913060826,1.569796604446218,1.5527335978761503,0.4375915229320526,0.3045228123664856
2,QAM64,1.569796604446218,1.603922617586353,1.5868596110162856,0.3919891119003296,0.2961249351501465
2,QAM64,1.603922617586353,1.6380486307264883,1.6209856241564207,0.3471006155014038,0.28572240471839905
2,QAM64,1.6380486307264883,1.6721746438666234,1.6551116372965557,0.3281325697898865,0.27220773696899414
2,QAM64,1.6721746438666234,1.7063006570067585,1.689237650436691,0.25851258635520935,0.24407289922237396
2,QAM64,1.7063006570067585,1.7404266701468938,1.7233636635768261,0.2422591596841812,0.2421557903289795
2,QAM64,1.7404266701468938,1.7745526832870289,1.7574896767169612,0.20839731395244598,0.21922600269317627
2,QAM64,1.7745526832870289,1.8086786964271642,1.7916156898570965,0.19535037875175476,0.21178840100765228
2,QAM64,1.8086786964271642,1.8428047095672992,1.8257417029972318,0.16649599373340607,0.20181234180927277
2,QAM64,1.8428047095672992,1.8769307227074343,1.8598677161373667,0.1438191682100296,0.18571214377880096
2,QAM64,1.8769307227074343,1.9110567358475696,1.893993729277502,0.11817909777164459,0.16030924022197723
2,QAM64,1.9110567358475696,1.9451827489877047,1.9281197424176373,0.10006056725978851,0.15291821956634521
2,QAM64,1.9451827489877047,1.97930876212784,1.9622457555577724,0.08655939251184464,0.1471712738275528
2,QAM64,1.97930876212784,2.013434775267975,1.9963717686979074,0.06802965700626373,0.1332971155643463
2,QAM64,2.013434775267975,2.04756078840811,2.0304977818380427,0.05863916873931885,0.12001846730709076
2,QAM64,2.04756078840811,2.0816868015482455,2.0646237949781776,0.04304267838597298,0.1020432710647583
2,QAM64,2.0816868015482455,2.115812814688381,2.0987498081183134,0.04031940549612045,0.09852687269449234
2,QAM64,2.115812814688381,2.1499388278285156,2.132875821258448,0.027731968089938164,0.08020277321338654
2,QAM64,2.1499388278285156,2.184064840968651,2.167001834398583,0.027307653799653053,0.08369337767362595
2,QAM64,2.184064840968651,2.2181908541087862,2.201127847538719,0.020639121532440186,0.07173499464988708
2,QAM64,2.2181908541087862,2.252316867248921,2.2352538606788537,0.01833639293909073,0.06707357615232468
2,QAM64,2.252316867248921,2.2864428803890564,2.2693798738189885,0.014917079359292984,0.06107455864548683
2,QAM64,2.2864428803890564,2.3205688935291917,2.3035058869591243,0.011243226006627083,0.0526922382414341
2,QAM64,2.3205688935291917,2.354694906669327,2.337631900099259,0.0075803352519869804,0.04709763824939728
2,QAM64,2.354694906669327,2.388820919809462,2.3717579132393944,0.007150402758270502,0.046217720955610275
2,QAM64,2.388820919809462,2.422946932949597,2.4058839263795297,0.008252328261733055,0.04512808471918106
2,QAM64,2.422946932949597,2.4570729460897325,2.4400099395196646,0.004610543139278889,0.034047119319438934
2,QAM64,2.4570729460897325,2.4911989592298673,2.4741359526598,0.005743130575865507,0.040072523057460785
2,QAM64,2.4911989592298673,2.5253249723700026,2.508261965799935,0.003454418620094657,0.027995603159070015
2,QAM64,2.5253249723700026,2.559450985510138,2.54238797894007,0.0036794119514524937,0.02885599248111248
2,QAM64,2.559450985510138,2.593576998650273,2.5765139920802054,0.0029872111044824123,0.026030290871858597
2,QAM64,2.593576998650273,2.627703011790408,2.6106400052203407,0.000915723736397922,0.014449830166995525
2,QAM64,2.627703011790408,2.6618290249305434,2.6447660183604755,0.0016192076727747917,0.019288023933768272
2,QAM64,2.6618290249305434,2.6959550380706787,2.6788920315006113,0.0007000367622822523,0.012766314670443535
