snr_db,modulation,time_index,mean_raw_amplitude,std_raw_amplitude
-4,QAM16,0,0.00788795668631792,0.003910251427441835
-4,QAM16,1,0.008005897514522076,0.003993835300207138
-4,QAM16,2,0.007943827658891678,0.004147936590015888
-4,QAM16,3,0.007753079291433096,0.003987325355410576
-4,QAM16,4,0.007936506532132626,0.004044093657284975
-4,QAM16,5,0.007813042029738426,0.004120540339499712
-4,QAM16,6,0.00776722701266408,0.004015486221760511
-4,QAM16,7,0.008035614155232906,0.0041324845515191555
-4,QAM16,8,0.007901052013039589,0.0038930438458919525
-4,QAM16,9,0.00773827126249671,0.003919138107448816
-4,QAM16,10,0.007902763783931732,0.0038885963149368763
-4,QAM16,11,0.007768960669636726,0.0038253723178058863
-4,QAM16,12,0.0077678184024989605,0.003934903535991907
-4,QAM16,13,0.008010102435946465,0.0038279842119663954
-4,QAM16,14,0.007682031486183405,0.0038169436156749725
-4,QAM16,15,0.007852843962609768,0.003961731214076281
-4,QAM16,16,0.007791025098413229,0.004024740308523178
-4,QAM16,17,0.007971903309226036,0.004055704455822706
-4,QAM16,18,0.0078024109825491905,0.004053930751979351
-4,QAM16,19,0.007956000976264477,0.004009633790701628
-4,QAM16,20,0.007639596238732338,0.003870996879413724
-4,QAM16,21,0.007685200311243534,0.003923909738659859
-4,QAM16,22,0.007636014372110367,0.004044173751026392
-4,QAM16,23,0.00794191099703312,0.0041555119678378105
-4,QAM16,24,0.007863299921154976,0.0039653657004237175
-4,QAM16,25,0.007743448950350285,0.0040050083771348
-4,QAM16,26,0.007498862221837044,0.004027816001325846
-4,QAM16,27,0.007874559611082077,0.004132487345486879
-4,QAM16,28,0.00783143937587738,0.003997982945293188
-4,QAM16,29,0.007825074717402458,0.004067019559442997
-4,QAM16,30,0.0077254390344023705,0.004020303953438997
-4,QAM16,31,0.0077658966183662415,0.004027980845421553
-4,QAM16,32,0.007957887835800648,0.00392801221460104
-4,QAM16,33,0.007959551177918911,0.00399363599717617
-4,QAM16,34,0.00782372709363699,0.0039979214780032635
-4,QAM16,35,0.007808089721947908,0.003973810933530331
-4,QAM16,36,0.007773181889206171,0.004004066810011864
-4,QAM16,37,0.007837299257516861,0.004001535475254059
-4,QAM16,38,0.007644520606845617,0.003922559786587954
-4,QAM16,39,0.0075695025734603405,0.0038779694586992264
-4,QAM16,40,0.007873998023569584,0.00399011978879571
-4,QAM16,41,0.007903147488832474,0.004064296372234821
-4,QAM16,42,0.007761811371892691,0.003992711193859577
-4,QAM16,43,0.007933666929602623,0.0041846479289233685
-4,QAM16,44,0.007842468097805977,0.003924026153981686
-4,QAM16,45,0.007928339764475822,0.0039077140390872955
-4,QAM16,46,0.007714081555604935,0.004088523332029581
-4,QAM16,47,0.007932673208415508,0.00404387479647994
-4,QAM16,48,0.007852890528738499,0.003864544676616788
-4,QAM16,49,0.007787884678691626,0.004096249118447304
-4,QAM16,50,0.007932481355965137,0.004165416117757559
-4,QAM16,51,0.007685302756726742,0.003946520388126373
-4,QAM16,52,0.007704448886215687,0.0040374984964728355
-4,QAM16,53,0.00803073775023222,0.004071850795298815
-4,QAM16,54,0.007803061045706272,0.003990101628005505
-4,QAM16,55,0.007658243179321289,0.004111722111701965
-4,QAM16,56,0.007770735304802656,0.004106536973267794
-4,QAM16,57,0.007597938645631075,0.0037872856482863426
-4,QAM16,58,0.00789803545922041,0.0040495553985238075
-4,QAM16,59,0.007988317869603634,0.003937889356166124
-4,QAM16,60,0.007828222587704659,0.00393139012157917
-4,QAM16,61,0.007884969934821129,0.004008811432868242
-4,QAM16,62,0.007650134619325399,0.003817494958639145
-4,QAM16,63,0.007734578102827072,0.003995050210505724
-4,QAM16,64,0.007982059381902218,0.004098950885236263
-4,QAM16,65,0.007895873859524727,0.004020264837890863
-4,QAM16,66,0.007953809574246407,0.004128867760300636
-4,QAM16,67,0.00776447169482708,0.003972135949879885
-4,QAM16,68,0.007912472821772099,0.003938286565244198
-4,QAM16,69,0.007905647158622742,0.0039542606100440025
-4,QAM16,70,0.007703100331127644,0.003995418082922697
-4,QAM16,71,0.007716014049947262,0.003980332054197788
-4,QAM16,72,0.007713004946708679,0.0039977142587304115
-4,QAM16,73,0.007826673798263073,0.003962897229939699
-4,QAM16,74,0.007917012088000774,0.003976456355303526
-4,QAM16,75,0.007893758825957775,0.0038497596979141235
-4,QAM16,76,0.00755669130012393,0.0040211062878370285
-4,QAM16,77,0.0078097376972436905,0.004066755063831806
-4,QAM16,78,0.007847732864320278,0.0039017903618514538
-4,QAM16,79,0.007797154597938061,0.004008017480373383
-4,QAM16,80,0.007723812013864517,0.0041006822139024734
-4,QAM16,81,0.008041358552873135,0.003990158438682556
-4,QAM16,82,0.007747619412839413,0.0038110618479549885
-4,QAM16,83,0.00771201029419899,0.0039288196712732315
-4,QAM16,84,0.0076570771634578705,0.003933930769562721
-4,QAM16,85,0.007818298414349556,0.0039562080055475235
-4,QAM16,86,0.007868841290473938,0.004050919786095619
-4,QAM16,87,0.00771550415083766,0.004009144380688667
-4,QAM16,88,0.007886854000389576,0.00397889269515872
-4,QAM16,89,0.00799525436013937,0.004052767995744944
-4,QAM16,90,0.007910085842013359,0.003861457109451294
-4,QAM16,91,0.007751454599201679,0.004036903381347656
-4,QAM16,92,0.007987221702933311,0.004085315391421318
-4,QAM16,93,0.007854755967855453,0.004044720903038979
-4,QAM16,94,0.00778721971437335,0.004050488583743572
-4,QAM16,95,0.007779985200613737,0.003971477970480919
-4,QAM16,96,0.00807654857635498,0.003972935955971479
-4,QAM16,97,0.007869835011661053,0.0040155076421797276
-4,QAM16,98,0.007903879508376122,0.003924493212252855
-4,QAM16,99,0.0077697718515992165,0.0040624490939080715
-4,QAM16,100,0.007636715658009052,0.004058429505676031
-4,QAM16,101,0.007839355617761612,0.0038780190516263247
-4,QAM16,102,0.007729918230324984,0.004061487503349781
-4,QAM16,103,0.007657585199922323,0.003901646938174963
-4,QAM16,104,0.007950913161039352,0.003916859161108732
-4,QAM16,105,0.00782773643732071,0.004059086088091135
-4,QAM16,106,0.007892530411481857,0.004023692104965448
-4,QAM16,107,0.007873190566897392,0.004019828513264656
-4,QAM16,108,0.007669586222618818,0.0038993502967059612
-4,QAM16,109,0.0078550074249506,0.004061034880578518
-4,QAM16,110,0.00778530677780509,0.003981946036219597
-4,QAM16,111,0.007798221427947283,0.004053161945194006
-4,QAM16,112,0.007730833254754543,0.003969373647123575
-4,QAM16,113,0.007646615616977215,0.004013361409306526
-4,QAM16,114,0.007942341268062592,0.003952869679778814
-4,QAM16,115,0.007979534566402435,0.003946586977690458
-4,QAM16,116,0.0076415580697357655,0.003972183912992477
-4,QAM16,117,0.007648664992302656,0.004011417273432016
-4,QAM16,118,0.008053065277636051,0.0040075695142149925
-4,QAM16,119,0.007745745591819286,0.003948515746742487
-4,QAM16,120,0.007628555875271559,0.004016748163849115
-4,QAM16,121,0.007800855673849583,0.0038844821974635124
-4,QAM16,122,0.007678762078285217,0.003850435372442007
-4,QAM16,123,0.00781569629907608,0.004000629298388958
-4,QAM16,124,0.007564727682620287,0.0038741682656109333
-4,QAM16,125,0.007778755854815245,0.0040860469453036785
-4,QAM16,126,0.007676651701331139,0.003908426966518164
-4,QAM16,127,0.007707924582064152,0.0039082178846001625
-4,QAM64,0,0.007781144697219133,0.003961588256061077
-4,QAM64,1,0.007886895909905434,0.00404068548232317
-4,QAM64,2,0.007907949388027191,0.004054945893585682
-4,QAM64,3,0.007743572350591421,0.003996985964477062
-4,QAM64,4,0.007802851963788271,0.004038598388433456
-4,QAM64,5,0.007704784162342548,0.003999813925474882
-4,QAM64,6,0.007806720677763224,0.004125089850276709
-4,QAM64,7,0.007837903685867786,0.004036378115415573
-4,QAM64,8,0.007727366406470537,0.00391828827559948
-4,QAM64,9,0.007652569096535444,0.004037030972540379
-4,QAM64,10,0.007901415228843689,0.004050096496939659
-4,QAM64,11,0.0077817984856665134,0.004208678845316172
-4,QAM64,12,0.00761744100600481,0.003853119444102049
-4,QAM64,13,0.007726513314992189,0.0038195892702788115
-4,QAM64,14,0.007533857598900795,0.003792436560615897
-4,QAM64,15,0.007851585745811462,0.004038871265947819
-4,QAM64,16,0.007894174195826054,0.0039482107385993
-4,QAM64,17,0.007790774572640657,0.004117890726774931
-4,QAM64,18,0.0077677033841609955,0.0036936018150299788
-4,QAM64,19,0.0077660041861236095,0.003755690762773156
-4,QAM64,20,0.007864980958402157,0.003957652486860752
-4,QAM64,21,0.00803395826369524,0.003969126846641302
-4,QAM64,22,0.007853635586798191,0.003994759172201157
-4,QAM64,23,0.007802494335919619,0.003997013438493013
-4,QAM64,24,0.00805178564041853,0.0038306082133203745
-4,QAM64,25,0.008013229817152023,0.004051164258271456
-4,QAM64,26,0.00784847792237997,0.004084652755409479
-4,QAM64,27,0.007825351320207119,0.003787504741922021
-4,QAM64,28,0.007576953619718552,0.004033682867884636
-4,QAM64,29,0.00800617691129446,0.0038273220416158438
-4,QAM64,30,0.007846398279070854,0.004142457619309425
-4,QAM64,31,0.007985804229974747,0.004076192621141672
-4,QAM64,32,0.007829650305211544,0.004091784358024597
-4,QAM64,33,0.007874036207795143,0.00402710260823369
-4,QAM64,34,0.007959969341754913,0.003948735073208809
-4,QAM64,35,0.007899261079728603,0.004067578818649054
-4,QAM64,36,0.00781237380579114,0.004088027402758598
-4,QAM64,37,0.007873841561377048,0.003997494466602802
-4,QAM64,38,0.007878381758928299,0.003935645800083876
-4,QAM64,39,0.007951648905873299,0.004010382108390331
-4,QAM64,40,0.007728289812803268,0.0039763012900948524
-4,QAM64,41,0.0076540382578969,0.003986592870205641
-4,QAM64,42,0.007943924516439438,0.004177364055067301
-4,QAM64,43,0.007792351301759481,0.0041495198383927345
-4,QAM64,44,0.007673325948417187,0.003993972670286894
-4,QAM64,45,0.007820404134690762,0.003981501795351505
-4,QAM64,46,0.007731481455266476,0.004055805504322052
-4,QAM64,47,0.007723407819867134,0.00398519542068243
-4,QAM64,48,0.0076985652558505535,0.003961713053286076
-4,QAM64,49,0.007960427552461624,0.003983926028013229
-4,QAM64,50,0.007772994693368673,0.004074677359312773
-4,QAM64,51,0.00771606620401144,0.003966397140175104
-4,QAM64,52,0.00785326398909092,0.0039519513957202435
-4,QAM64,53,0.007682501338422298,0.003911334089934826
-4,QAM64,54,0.007646543439477682,0.004024188965559006
-4,QAM64,55,0.007514310535043478,0.003931256011128426
-4,QAM64,56,0.007795690093189478,0.003910045605152845
-4,QAM64,57,0.007898079231381416,0.003982664085924625
-4,QAM64,58,0.007639514748007059,0.003845764556899667
-4,QAM64,59,0.007669000420719385,0.00398342777043581
-4,QAM64,60,0.008240512572228909,0.0041412427090108395
-4,QAM64,61,0.007835148833692074,0.004104080609977245
-4,QAM64,62,0.007912552915513515,0.003926875069737434
-4,QAM64,63,0.007523665204644203,0.0038961952086538076
-4,QAM64,64,0.007890207692980766,0.003997696563601494
-4,QAM64,65,0.007672022096812725,0.003913151100277901
-4,QAM64,66,0.0078836465254426,0.004092995077371597
-4,QAM64,67,0.007780868094414473,0.003860997734591365
-4,QAM64,68,0.007761690765619278,0.0038961353711783886
-4,QAM64,69,0.007738115731626749,0.0040756408125162125
-4,QAM64,70,0.00765208201482892,0.004053974989801645
-4,QAM64,71,0.007553940638899803,0.004044116009026766
-4,QAM64,72,0.007792247459292412,0.004005413968116045
-4,QAM64,73,0.007664822041988373,0.003942280076444149
-4,QAM64,74,0.007687319535762072,0.003969965968281031
-4,QAM64,75,0.00791658740490675,0.003988089505583048
-4,QAM64,76,0.007715101353824139,0.003894517198204994
-4,QAM64,77,0.007973073981702328,0.004060354083776474
-4,QAM64,78,0.007733282167464495,0.004081603139638901
-4,QAM64,79,0.007693727500736713,0.003937344066798687
-4,QAM64,80,0.00786290131509304,0.004174142610281706
-4,QAM64,81,0.007785477675497532,0.003939214162528515
-4,QAM64,82,0.007676579523831606,0.0040365904569625854
-4,QAM64,83,0.008090777322649956,0.003980576526373625
-4,QAM64,84,0.007998032495379448,0.004070593509823084
-4,QAM64,85,0.007793314289301634,0.0038582435809075832
-4,QAM64,86,0.007921041920781136,0.004030109383165836
-4,QAM64,87,0.007858213968575,0.0040724980644881725
-4,QAM64,88,0.007732369937002659,0.003948821686208248
-4,QAM64,89,0.007851160131394863,0.00396051537245512
-4,QAM64,90,0.007638775743544102,0.0038684976752847433
-4,QAM64,91,0.007759212050586939,0.004038436338305473
-4,QAM64,92,0.0076187290251255035,0.003951007500290871
-4,QAM64,93,0.007927565835416317,0.004091229755431414
-4,QAM64,94,0.007879851385951042,0.004058668855577707
-4,QAM64,95,0.007975723594427109,0.003971298690885305
-4,QAM64,96,0.008084473200142384,0.00423724390566349
-4,QAM64,97,0.0078017800115048885,0.0040607210248708725
-4,QAM64,98,0.007826807908713818,0.003967377357184887
-4,QAM64,99,0.008136714808642864,0.0041148001328110695
-4,QAM64,100,0.007821721024811268,0.0038580645341426134
-4,QAM64,101,0.007822957821190357,0.003972827456891537
-4,QAM64,102,0.0077508119866251945,0.003995250910520554
-4,QAM64,103,0.007662540767341852,0.004065110348165035
-4,QAM64,104,0.008079933002591133,0.004043815191835165
-4,QAM64,105,0.007872696034610271,0.004026687238365412
-4,QAM64,106,0.007722459267824888,0.003752222051844001
-4,QAM64,107,0.007919000461697578,0.003950309939682484
-4,QAM64,108,0.007992997765541077,0.004125221632421017
-4,QAM64,109,0.007840880192816257,0.0038561937399208546
-4,QAM64,110,0.007806811481714249,0.004191910848021507
-4,QAM64,111,0.007857737131416798,0.004042328801006079
-4,QAM64,112,0.0076989904046058655,0.004126868676394224
-4,QAM64,113,0.007616953458636999,0.004008999560028315
-4,QAM64,114,0.007822376675903797,0.004015354905277491
-4,QAM64,115,0.00786785688251257,0.0039673796854913235
-4,QAM64,116,0.007737853564321995,0.003928047604858875
-4,QAM64,117,0.007586229592561722,0.0038942040409892797
-4,QAM64,118,0.007769026327878237,0.0040194205939769745
-4,QAM64,119,0.007780564017593861,0.003929208964109421
-4,QAM64,120,0.007860397920012474,0.004053921904414892
-4,QAM64,121,0.007898656651377678,0.004054869059473276
-4,QAM64,122,0.007815620861947536,0.004048381466418505
-4,QAM64,123,0.007943865843117237,0.00407689344137907
-4,QAM64,124,0.007748551666736603,0.004062870517373085
-4,QAM64,125,0.008088577538728714,0.004053816199302673
-4,QAM64,126,0.007749038748443127,0.003983663395047188
-4,QAM64,127,0.00783910509198904,0.00420724879950285
-2,QAM16,0,0.00785099808126688,0.0038447550032287836
-2,QAM16,1,0.008052265271544456,0.00394866056740284
-2,QAM16,2,0.007788052782416344,0.003753756172955036
-2,QAM16,3,0.00788831152021885,0.0036954632960259914
-2,QAM16,4,0.007893262431025505,0.0038405044469982386
-2,QAM16,5,0.007621242664754391,0.00375436176545918
-2,QAM16,6,0.008021515794098377,0.003841700265184045
-2,QAM16,7,0.007809470873326063,0.003699420252814889
-2,QAM16,8,0.008059062063694,0.0039466735906898975
-2,QAM16,9,0.007718109060078859,0.003795676166191697
-2,QAM16,10,0.00803204532712698,0.0037693146150559187
-2,QAM16,11,0.0076647973619401455,0.003686580341309309
-2,QAM16,12,0.007779128849506378,0.0038424211088567972
-2,QAM16,13,0.007754332851618528,0.0038621400017291307
-2,QAM16,14,0.007491615600883961,0.0037383302114903927
-2,QAM16,15,0.007768006529659033,0.0038019276689738035
-2,QAM16,16,0.007862204685807228,0.0037838732823729515
-2,QAM16,17,0.007668673526495695,0.003825323423370719
-2,QAM16,18,0.007758470252156258,0.0037486995570361614
-2,QAM16,19,0.008003918454051018,0.0038729803636670113
-2,QAM16,20,0.007742543239146471,0.003748526331037283
-2,QAM16,21,0.007886475883424282,0.0038495794869959354
-2,QAM16,22,0.007775343023240566,0.003740195883437991
-2,QAM16,23,0.007768073119223118,0.0038109878078103065
-2,QAM16,24,0.00763723673298955,0.003845285391435027
-2,QAM16,25,0.007833375595510006,0.003875305876135826
-2,QAM16,26,0.007854793220758438,0.0037794176023453474
-2,QAM16,27,0.00770901283249259,0.0037091108970344067
-2,QAM16,28,0.007734036538749933,0.003827264066785574
-2,QAM16,29,0.0077214413322508335,0.003686928190290928
-2,QAM16,30,0.007779656443744898,0.003871648572385311
-2,QAM16,31,0.00776665098965168,0.0037872223183512688
-2,QAM16,32,0.007837226614356041,0.0038176956586539745
-2,QAM16,33,0.007732392754405737,0.003920038230717182
-2,QAM16,34,0.007968655787408352,0.003907345701009035
-2,QAM16,35,0.007754206657409668,0.0038429442793130875
-2,QAM16,36,0.007830227725207806,0.003702834714204073
-2,QAM16,37,0.007934268563985825,0.003829158842563629
-2,QAM16,38,0.007828302681446075,0.003905309597030282
-2,QAM16,39,0.007685394957661629,0.0037950752303004265
-2,QAM16,40,0.007750504184514284,0.003862022887915373
-2,QAM16,41,0.007630614563822746,0.0037121817003935575
-2,QAM16,42,0.0077139837667346,0.003691999241709709
-2,QAM16,43,0.0075496709905564785,0.003829491790384054
-2,QAM16,44,0.007619211450219154,0.003714177757501602
-2,QAM16,45,0.007581398822367191,0.0037928817328065634
-2,QAM16,46,0.007850674912333488,0.003844879101961851
-2,QAM16,47,0.008002215065062046,0.003958489745855331
-2,QAM16,48,0.007815176621079445,0.003761077066883445
-2,QAM16,49,0.007730813231319189,0.003641208168119192
-2,QAM16,50,0.007818645797669888,0.0038070185109972954
-2,QAM16,51,0.007845593616366386,0.003921097610145807
-2,QAM16,52,0.007990621961653233,0.0039049461483955383
-2,QAM16,53,0.00795657467097044,0.003956008702516556
-2,QAM16,54,0.007691890466958284,0.003820092184469104
-2,QAM16,55,0.007787470240145922,0.003962611313909292
-2,QAM16,56,0.0078850407153368,0.0037290765903890133
-2,QAM16,57,0.00804319977760315,0.003973497077822685
-2,QAM16,58,0.007852014154195786,0.0037782087456434965
-2,QAM16,59,0.007862373255193233,0.003790459595620632
-2,QAM16,60,0.007987762801349163,0.003768445225432515
-2,QAM16,61,0.007618136703968048,0.0037410566583275795
-2,QAM16,62,0.007893799804151058,0.0037289669271558523
-2,QAM16,63,0.007877146825194359,0.003831276437267661
-2,QAM16,64,0.007891125977039337,0.003849718486890197
-2,QAM16,65,0.007941306568682194,0.0037202280946075916
-2,QAM16,66,0.00809183344244957,0.0038223585579544306
-2,QAM16,67,0.007950817234814167,0.003814652096480131
-2,QAM16,68,0.007717794273048639,0.003798241028562188
-2,QAM16,69,0.007746306248009205,0.003804396837949753
-2,QAM16,70,0.00794973224401474,0.003846364328637719
-2,QAM16,71,0.007786118891090155,0.0038932329043745995
-2,QAM16,72,0.008013416081666946,0.0038596380036324263
-2,QAM16,73,0.007839372381567955,0.0037614088505506516
-2,QAM16,74,0.0078058624640107155,0.003790242364630103
-2,QAM16,75,0.007737054489552975,0.0036978786811232567
-2,QAM16,76,0.007824125699698925,0.003934277221560478
-2,QAM16,77,0.007717389613389969,0.004041979089379311
-2,QAM16,78,0.007806443143635988,0.0038786926306784153
-2,QAM16,79,0.007857575081288815,0.0038429899141192436
-2,QAM16,80,0.007819564081728458,0.0037898023147135973
-2,QAM16,81,0.0076735178008675575,0.003815713804215193
-2,QAM16,82,0.007789921946823597,0.003759325249120593
-2,QAM16,83,0.007686365861445665,0.0036957121919840574
-2,QAM16,84,0.00783961359411478,0.00368161266669631
-2,QAM16,85,0.007894502952694893,0.003788373898714781
-2,QAM16,86,0.0077341231517493725,0.0037077455781400204
-2,QAM16,87,0.007761931046843529,0.0038329570088535547
-2,QAM16,88,0.008020426146686077,0.003750147996470332
-2,QAM16,89,0.007950427010655403,0.003987990785390139
-2,QAM16,90,0.007870407775044441,0.003792111761868
-2,QAM16,91,0.007714930921792984,0.0036806173156946898
-2,QAM16,92,0.0077730873599648476,0.0038269772194325924
-2,QAM16,93,0.007615996990352869,0.0038441759534180164
-2,QAM16,94,0.0074165198020637035,0.0036337245255708694
-2,QAM16,95,0.007748449221253395,0.0037702438421547413
-2,QAM16,96,0.007776223588734865,0.003995463717728853
-2,QAM16,97,0.007714652456343174,0.0037359409034252167
-2,QAM16,98,0.00783641915768385,0.003910757601261139
-2,QAM16,99,0.007839278317987919,0.0037927061785012484
-2,QAM16,100,0.007767144124954939,0.003882341319695115
-2,QAM16,101,0.00781795009970665,0.003837387776002288
-2,QAM16,102,0.008005104027688503,0.003805515356361866
-2,QAM16,103,0.008025895804166794,0.0038362741470336914
-2,QAM16,104,0.007730059791356325,0.003815363859757781
-2,QAM16,105,0.007755692582577467,0.0037378547713160515
-2,QAM16,106,0.007859141565859318,0.0037416957784444094
-2,QAM16,107,0.007790267001837492,0.003689164761453867
-2,QAM16,108,0.007911933586001396,0.003896363778039813
-2,QAM16,109,0.007945493794977665,0.003769311122596264
-2,QAM16,110,0.007879871875047684,0.0037037008441984653
-2,QAM16,111,0.007825673557817936,0.0037900065071880817
-2,QAM16,112,0.007774310186505318,0.003768420545384288
-2,QAM16,113,0.007702139671891928,0.0038329530507326126
-2,QAM16,114,0.007788046728819609,0.0037429051008075476
-2,QAM16,115,0.0077180578373372555,0.0038185797166079283
-2,QAM16,116,0.007918721996247768,0.003938443027436733
-2,QAM16,117,0.007831012830138206,0.0038433826994150877
-2,QAM16,118,0.007751926779747009,0.0038334315177053213
-2,QAM16,119,0.00782291404902935,0.0037657262291759253
-2,QAM16,120,0.007777910213917494,0.0038681814912706614
-2,QAM16,121,0.007715283893048763,0.0039128796197474
-2,QAM16,122,0.00774717191234231,0.003883880563080311
-2,QAM16,123,0.007857359014451504,0.003715451108291745
-2,QAM16,124,0.007831052877008915,0.0037892700638622046
-2,QAM16,125,0.007746576331555843,0.0038604792207479477
-2,QAM16,126,0.008034669794142246,0.0038662985898554325
-2,QAM16,127,0.007896683178842068,0.0039109596982598305
-2,QAM64,0,0.007982058450579643,0.0038970333989709616
-2,QAM64,1,0.00787894893437624,0.0039448984898626804
-2,QAM64,2,0.007792111020535231,0.003830030094832182
-2,QAM64,3,0.007866322062909603,0.003919590264558792
-2,QAM64,4,0.0077509088441729546,0.003780841128900647
-2,QAM64,5,0.007781894411891699,0.003686499083414674
-2,QAM64,6,0.0079098641872406,0.003842271165922284
-2,QAM64,7,0.00785026978701353,0.0038661635480821133
-2,QAM64,8,0.007893049158155918,0.003967717755585909
-2,QAM64,9,0.007790427654981613,0.003817202989012003
-2,QAM64,10,0.00779849523678422,0.003953949082642794
-2,QAM64,11,0.007916389033198357,0.003920915070921183
-2,QAM64,12,0.007822362706065178,0.0037695507053285837
-2,QAM64,13,0.008021321147680283,0.003951048944145441
-2,QAM64,14,0.007949435152113438,0.003902474418282509
-2,QAM64,15,0.00786119420081377,0.0038710751105099916
-2,QAM64,16,0.00788657646626234,0.003863242221996188
-2,QAM64,17,0.007828256115317345,0.0038649963680654764
-2,QAM64,18,0.007800761144608259,0.0038185748271644115
-2,QAM64,19,0.007648393977433443,0.003880962962284684
-2,QAM64,20,0.007781357504427433,0.003733317833393812
-2,QAM64,21,0.007685375399887562,0.0037736385129392147
-2,QAM64,22,0.007786900736391544,0.003800916252657771
-2,QAM64,23,0.007765033282339573,0.003720831824466586
-2,QAM64,24,0.007957338355481625,0.003970409277826548
-2,QAM64,25,0.007766295690089464,0.003825884312391281
-2,QAM64,26,0.007803545333445072,0.003841650439426303
-2,QAM64,27,0.007695579435676336,0.0038746546488255262
-2,QAM64,28,0.007630817126482725,0.003713059239089489
-2,QAM64,29,0.007666395977139473,0.003853216301649809
-2,QAM64,30,0.007842455059289932,0.003715036204084754
-2,QAM64,31,0.007623918820172548,0.003832534421235323
-2,QAM64,32,0.007823046296834946,0.003862225916236639
-2,QAM64,33,0.007856648415327072,0.003906624857336283
-2,QAM64,34,0.007604817859828472,0.0037819871213287115
-2,QAM64,35,0.007761132437735796,0.003814730793237686
-2,QAM64,36,0.007810989860445261,0.003795600961893797
-2,QAM64,37,0.007823068648576736,0.0038361346814781427
-2,QAM64,38,0.007806224282830954,0.0038878892082720995
-2,QAM64,39,0.007883354090154171,0.00390612636692822
-2,QAM64,40,0.007718305569142103,0.003771584713831544
-2,QAM64,41,0.007630193140357733,0.003863084129989147
-2,QAM64,42,0.0076867928728461266,0.003799235913902521
-2,QAM64,43,0.007554075680673122,0.003730311756953597
-2,QAM64,44,0.007711702026426792,0.003935785032808781
-2,QAM64,45,0.007744146510958672,0.0038923299871385098
-2,QAM64,46,0.007935949601233006,0.003878760151565075
-2,QAM64,47,0.008020121604204178,0.003874498186632991
-2,QAM64,48,0.007774381432682276,0.003667342010885477
-2,QAM64,49,0.007660008035600185,0.003943254239857197
-2,QAM64,50,0.00792955607175827,0.0038127205334603786
-2,QAM64,51,0.007873795926570892,0.003947359975427389
-2,QAM64,52,0.007864328101277351,0.003763095708563924
-2,QAM64,53,0.007953076623380184,0.003738570027053356
-2,QAM64,54,0.007894077338278294,0.003957615699619055
-2,QAM64,55,0.007697939407080412,0.00378809729591012
-2,QAM64,56,0.007849959656596184,0.0038917933125048876
-2,QAM64,57,0.00755301583558321,0.003813667455688119
-2,QAM64,58,0.0077381138689816,0.0038135431241244078
-2,QAM64,59,0.007876891642808914,0.0038251737132668495
-2,QAM64,60,0.007790017407387495,0.00371442548930645
-2,QAM64,61,0.007671261206269264,0.003687386866658926
-2,QAM64,62,0.007833738811314106,0.003813052549958229
-2,QAM64,63,0.007919304072856903,0.00391055503860116
-2,QAM64,64,0.007698464673012495,0.0038013756275177
-2,QAM64,65,0.00774680869653821,0.0037537275347858667
-2,QAM64,66,0.007829971611499786,0.0038241585716605186
-2,QAM64,67,0.007962957955896854,0.0037794015370309353
-2,QAM64,68,0.00795237347483635,0.0037189163267612457
-2,QAM64,69,0.007932939566671848,0.00384717108681798
-2,QAM64,70,0.007985315285623074,0.00379604147747159
-2,QAM64,71,0.007729699835181236,0.0036931836511939764
-2,QAM64,72,0.007857000455260277,0.003831124398857355
-2,QAM64,73,0.007978151552379131,0.003917377442121506
-2,QAM64,74,0.0077431476674973965,0.0038898733910173178
-2,QAM64,75,0.007497502490878105,0.0037725616712123156
-2,QAM64,76,0.007657966576516628,0.003839863231405616
-2,QAM64,77,0.007731838617473841,0.003882590215653181
-2,QAM64,78,0.007803602609783411,0.0038261758163571358
-2,QAM64,79,0.007747956085950136,0.00391361303627491
-2,QAM64,80,0.00802564900368452,0.0037123362999409437
-2,QAM64,81,0.007999570108950138,0.003963323310017586
-2,QAM64,82,0.007847734726965427,0.0038662804290652275
-2,QAM64,83,0.007881930097937584,0.0039942143484950066
-2,QAM64,84,0.007896305993199348,0.003712872974574566
-2,QAM64,85,0.008011610247194767,0.003808621782809496
-2,QAM64,86,0.007853440940380096,0.0037337890826165676
-2,QAM64,87,0.007882270961999893,0.0039048881735652685
-2,QAM64,88,0.007816052064299583,0.003856619819998741
-2,QAM64,89,0.00776795856654644,0.0038143396377563477
-2,QAM64,90,0.007848002016544342,0.003890863386914134
-2,QAM64,91,0.007692680694162846,0.00383155420422554
-2,QAM64,92,0.007731803692877293,0.0037236216012388468
-2,QAM64,93,0.007766798138618469,0.003748520975932479
-2,QAM64,94,0.007799746468663216,0.003819149686023593
-2,QAM64,95,0.00767837418243289,0.0036672810092568398
-2,QAM64,96,0.007676973473280668,0.0036902278661727905
-2,QAM64,97,0.00788469985127449,0.003933487460017204
-2,QAM64,98,0.007868151180446148,0.003988851793110371
-2,QAM64,99,0.00788695365190506,0.0038877178449183702
-2,QAM64,100,0.0077195484191179276,0.0038173061329871416
-2,QAM64,101,0.007605972699820995,0.0037734743673354387
-2,QAM64,102,0.007847059518098831,0.0038773196283727884
-2,QAM64,103,0.007840992882847786,0.0038863709196448326
-2,QAM64,104,0.007739600259810686,0.0038184900768101215
-2,QAM64,105,0.007529057562351227,0.003732629120349884
-2,QAM64,106,0.007756741251796484,0.0038673707749694586
-2,QAM64,107,0.007870757952332497,0.004011247772723436
-2,QAM64,108,0.007616573013365269,0.0038985004648566246
-2,QAM64,109,0.007906989194452763,0.00386538403108716
-2,QAM64,110,0.007910622283816338,0.003950842656195164
-2,QAM64,111,0.008066417649388313,0.0038585024885833263
-2,QAM64,112,0.00786500796675682,0.003942565526813269
-2,QAM64,113,0.0078102112747728825,0.003711774479597807
-2,QAM64,114,0.007802586071193218,0.003724591573700309
-2,QAM64,115,0.008002711459994316,0.0038204523734748363
-2,QAM64,116,0.007820919156074524,0.0037805340252816677
-2,QAM64,117,0.007872908376157284,0.0039367289282381535
-2,QAM64,118,0.007979046553373337,0.004042346030473709
-2,QAM64,119,0.00793592818081379,0.0037836236879229546
-2,QAM64,120,0.007893203757703304,0.00388171779923141
-2,QAM64,121,0.00787174329161644,0.003948651719838381
-2,QAM64,122,0.007879567332565784,0.0038705843035131693
-2,QAM64,123,0.007550494745373726,0.0037723383866250515
-2,QAM64,124,0.007863087579607964,0.0038040645886212587
-2,QAM64,125,0.007826290093362331,0.0038223161827772856
-2,QAM64,126,0.007761149667203426,0.0038068366702646017
-2,QAM64,127,0.00789833627641201,0.003972790203988552
0,QAM16,0,0.007802464999258518,0.0034940559417009354
0,QAM16,1,0.00778920529410243,0.003444023197516799
0,QAM16,2,0.007971602492034435,0.0035814798902720213
0,QAM16,3,0.007793806027621031,0.0034791454672813416
0,QAM16,4,0.007794043980538845,0.0035663230810314417
0,QAM16,5,0.007752806879580021,0.0035301297903060913
0,QAM16,6,0.00786592811346054,0.0034827583003789186
0,QAM16,7,0.007984702475368977,0.003463882254436612
0,QAM16,8,0.007780378218740225,0.003586261533200741
0,QAM16,9,0.0077775707468390465,0.003531972412019968
0,QAM16,10,0.007785461377352476,0.0034831801895052195
0,QAM16,11,0.007793296128511429,0.0035054010804742575
0,QAM16,12,0.007733948528766632,0.003592530731111765
0,QAM16,13,0.007746316958218813,0.0034012137912213802
0,QAM16,14,0.007709389552474022,0.0035262766759842634
0,QAM16,15,0.0077606383711099625,0.003547200933098793
0,QAM16,16,0.007704611402004957,0.0036637401208281517
0,QAM16,17,0.007659208960831165,0.0036509190686047077
0,QAM16,18,0.007730026729404926,0.0035581691190600395
0,QAM16,19,0.007647923193871975,0.003613340901210904
0,QAM16,20,0.007757038809359074,0.0035972597543150187
0,QAM16,21,0.007849939167499542,0.0034442925825715065
0,QAM16,22,0.0078382333740592,0.0035317244473844767
0,QAM16,23,0.007755670230835676,0.003546495456248522
0,QAM16,24,0.007842411287128925,0.003553338348865509
0,QAM16,25,0.007749095559120178,0.0035713904071599245
0,QAM16,26,0.007759240921586752,0.0035096413921564817
0,QAM16,27,0.007536739576607943,0.0035175257362425327
0,QAM16,28,0.007609968539327383,0.0034498656168580055
0,QAM16,29,0.007776630576699972,0.003656484419479966
0,QAM16,30,0.007690142840147018,0.0033117381390184164
0,QAM16,31,0.007696531713008881,0.0036458249669522047
0,QAM16,32,0.007794820237904787,0.003637568326666951
0,QAM16,33,0.0077261715196073055,0.0035848314873874187
0,QAM16,34,0.007799461018294096,0.0035311628598719835
0,QAM16,35,0.007761557586491108,0.0035149387549608946
0,QAM16,36,0.007915731519460678,0.0035013833548873663
0,QAM16,37,0.007977243512868881,0.0036113597452640533
0,QAM16,38,0.007821508683264256,0.0034251108299940825
0,QAM16,39,0.007971272803843021,0.0035492824390530586
0,QAM16,40,0.00790136493742466,0.0035626047756522894
0,QAM16,41,0.007806507404893637,0.0034481966868042946
0,QAM16,42,0.007910829968750477,0.0035364804789423943
0,QAM16,43,0.00784063059836626,0.003528084373101592
0,QAM16,44,0.007904570549726486,0.0035880792420357466
0,QAM16,45,0.007828185334801674,0.003616413800045848
0,QAM16,46,0.00786282867193222,0.003638161811977625
0,QAM16,47,0.00785288866609335,0.00356669700704515
0,QAM16,48,0.007831824943423271,0.0035913651809096336
0,QAM16,49,0.00796189159154892,0.0035786540247499943
0,QAM16,50,0.007821821607649326,0.003440665081143379
0,QAM16,51,0.007829612120985985,0.0034496570006012917
0,QAM16,52,0.007683399133384228,0.0035483376123011112
0,QAM16,53,0.007650461513549089,0.0034851341042667627
0,QAM16,54,0.007875713519752026,0.0035415091551840305
0,QAM16,55,0.007826350629329681,0.0036407667212188244
0,QAM16,56,0.007869226858019829,0.0035406097304075956
0,QAM16,57,0.007978753186762333,0.0035193825606256723
0,QAM16,58,0.007974263280630112,0.003528141649439931
0,QAM16,59,0.008034683763980865,0.0035170214250683784
0,QAM16,60,0.007960116490721703,0.003503352403640747
0,QAM16,61,0.008017513900995255,0.0034844079054892063
0,QAM16,62,0.00786292739212513,0.003494495525956154
0,QAM16,63,0.007836012169718742,0.0035834733862429857
0,QAM16,64,0.007930731400847435,0.0036189944949001074
0,QAM16,65,0.008022179827094078,0.0035686339251697063
0,QAM16,66,0.00786842405796051,0.0036288914270699024
0,QAM16,67,0.007929464802145958,0.003683714894577861
0,QAM16,68,0.008050595410168171,0.003599315881729126
0,QAM16,69,0.00782771036028862,0.00355146243236959
0,QAM16,70,0.00790310837328434,0.00362530630081892
0,QAM16,71,0.007734118029475212,0.003592684166505933
0,QAM16,72,0.007772329729050398,0.003680216381326318
0,QAM16,73,0.0077764494344592094,0.0035312899854034185
0,QAM16,74,0.007920172065496445,0.0035574196372181177
0,QAM16,75,0.00792595837265253,0.0035165331792086363
0,QAM16,76,0.007765749469399452,0.0035549867898225784
0,QAM16,77,0.00792904943227768,0.003501028986647725
0,QAM16,78,0.0077938055619597435,0.0035394877195358276
0,QAM16,79,0.007839888334274292,0.0035787681117653847
0,QAM16,80,0.00793756078928709,0.0035430649295449257
0,QAM16,81,0.007808369118720293,0.003482554806396365
0,QAM16,82,0.007635353598743677,0.0034388380590826273
0,QAM16,83,0.0077731129713356495,0.0034130497369915247
0,QAM16,84,0.007756669074296951,0.0035512528847903013
0,QAM16,85,0.007750382646918297,0.0034981693606823683
0,QAM16,86,0.007977432571351528,0.0036105974577367306
0,QAM16,87,0.007869737222790718,0.003503603395074606
0,QAM16,88,0.00788907427340746,0.0034798404667526484
0,QAM16,89,0.007843651808798313,0.003588791936635971
0,QAM16,90,0.007716239895671606,0.0033893589861691
0,QAM16,91,0.0076437899842858315,0.0035993424244225025
0,QAM16,92,0.007677895482629538,0.003436731407418847
0,QAM16,93,0.007614090107381344,0.0035088115837424994
0,QAM16,94,0.007693927735090256,0.003386999247595668
0,QAM16,95,0.007727284915745258,0.003386450931429863
0,QAM16,96,0.007877584546804428,0.0035259751603007317
0,QAM16,97,0.0076388102024793625,0.003507016459479928
0,QAM16,98,0.007775165140628815,0.0034645164851099253
0,QAM16,99,0.007698055822402239,0.003428800730034709
0,QAM16,100,0.007869856432080269,0.0034756753593683243
0,QAM16,101,0.007702743634581566,0.003584257559850812
0,QAM16,102,0.007787381298840046,0.00357231218367815
0,QAM16,103,0.007677313406020403,0.003466095309704542
0,QAM16,104,0.007774501107633114,0.00363763771019876
0,QAM16,105,0.00796089880168438,0.0035226268228143454
0,QAM16,106,0.007927341386675835,0.003549227025359869
0,QAM16,107,0.00790891982614994,0.0034750148188322783
0,QAM16,108,0.007884545251727104,0.0035196631215512753
0,QAM16,109,0.007910366170108318,0.003593113739043474
0,QAM16,110,0.007858697324991226,0.003564860438928008
0,QAM16,111,0.007843514904379845,0.0034521876368671656
0,QAM16,112,0.00784260779619217,0.0036431527696549892
0,QAM16,113,0.007787801790982485,0.0036423946730792522
0,QAM16,114,0.007795156445354223,0.003580480581149459
0,QAM16,115,0.007746280170977116,0.00348468660376966
0,QAM16,116,0.00791932549327612,0.0035616278182715178
0,QAM16,117,0.007944747805595398,0.0035658793058246374
0,QAM16,118,0.007807719986885786,0.003573979716747999
0,QAM16,119,0.0076658353209495544,0.0033461768180131912
0,QAM16,120,0.0077671147882938385,0.0034431011881679296
0,QAM16,121,0.0077621545642614365,0.0034782576840370893
0,QAM16,122,0.00775512121617794,0.0033994419500231743
0,QAM16,123,0.007797768339514732,0.003550394903868437
0,QAM16,124,0.007500545121729374,0.003461104119196534
0,QAM16,125,0.0078099691309034824,0.003604302881285548
0,QAM16,126,0.007691706996411085,0.0034625676926225424
0,QAM16,127,0.00787104107439518,0.00348677858710289
0,QAM64,0,0.007853102870285511,0.0035758500453084707
0,QAM64,1,0.008023075759410858,0.0036512950900942087
0,QAM64,2,0.008020042441785336,0.0036380323581397533
0,QAM64,3,0.007796546909958124,0.003643027739599347
0,QAM64,4,0.007631082087755203,0.0035004522651433945
0,QAM64,5,0.007823350839316845,0.0037337695248425007
0,QAM64,6,0.00773756904527545,0.0036046786699444056
0,QAM64,7,0.00762020330876112,0.003475824138149619
0,QAM64,8,0.007768767420202494,0.0035692385863512754
0,QAM64,9,0.007819249294698238,0.0035127687733620405
0,QAM64,10,0.0076586357317864895,0.0036802454851567745
0,QAM64,11,0.007667100057005882,0.003761014901101589
0,QAM64,12,0.0076103731989860535,0.0035718712024390697
0,QAM64,13,0.007579629775136709,0.0036766876000910997
0,QAM64,14,0.0077275475487113,0.0036570432130247355
0,QAM64,15,0.00783182866871357,0.003564313519746065
0,QAM64,16,0.0075931367464363575,0.003508716356009245
0,QAM64,17,0.007665090728551149,0.0036092489026486874
0,QAM64,18,0.007710129953920841,0.0035213902592658997
0,QAM64,19,0.007840060628950596,0.00358548853546381
0,QAM64,20,0.007935675792396069,0.0036917163524776697
0,QAM64,21,0.007909314706921577,0.003491948591545224
0,QAM64,22,0.007829518057405949,0.003574640955775976
0,QAM64,23,0.008092750795185566,0.0035866342950612307
0,QAM64,24,0.0078009022399783134,0.0036012681666761637
0,QAM64,25,0.007880190387368202,0.003565593622624874
0,QAM64,26,0.007815093733370304,0.003571554087102413
0,QAM64,27,0.0076911477372050285,0.003618105547502637
0,QAM64,28,0.00775147695094347,0.0035404874943196774
0,QAM64,29,0.007637257222086191,0.0035733210388571024
0,QAM64,30,0.008022972382605076,0.003525582840666175
0,QAM64,31,0.00794791430234909,0.0035949426237493753
0,QAM64,32,0.007985402829945087,0.0036167590878903866
0,QAM64,33,0.007752288598567247,0.0034977539908140898
0,QAM64,34,0.0079342070966959,0.003505017375573516
0,QAM64,35,0.00786199327558279,0.003554411930963397
0,QAM64,36,0.007858051918447018,0.003590246196836233
0,QAM64,37,0.007835226133465767,0.003607207676395774
0,QAM64,38,0.00799650140106678,0.003521543461829424
0,QAM64,39,0.007941016927361488,0.0036038681864738464
0,QAM64,40,0.008136957883834839,0.0037377679254859686
0,QAM64,41,0.008112704381346703,0.0036590902600437403
0,QAM64,42,0.00803659949451685,0.0035979952663183212
0,QAM64,43,0.007888401858508587,0.003537331474944949
0,QAM64,44,0.00781476404517889,0.0036348490975797176
0,QAM64,45,0.007805568631738424,0.003578874981030822
0,QAM64,46,0.007884944789111614,0.003636445850133896
0,QAM64,47,0.007808307651430368,0.003587530693039298
0,QAM64,48,0.007931333966553211,0.00374680757522583
0,QAM64,49,0.00770846800878644,0.003527557011693716
0,QAM64,50,0.007825185544788837,0.003555753268301487
0,QAM64,51,0.007960784249007702,0.0035650068894028664
0,QAM64,52,0.007723426446318626,0.003530823392793536
0,QAM64,53,0.007961955852806568,0.00371309625916183
0,QAM64,54,0.007764904759824276,0.0035586536396294832
0,QAM64,55,0.007810651790350676,0.0037468671798706055
0,QAM64,56,0.0077268281020224094,0.0035802738275378942
0,QAM64,57,0.007863800041377544,0.003650116501376033
0,QAM64,58,0.00784861110150814,0.0035778346937149763
0,QAM64,59,0.007805726490914822,0.0034832193050533533
0,QAM64,60,0.00794287957251072,0.0035580070689320564
0,QAM64,61,0.00775883998721838,0.0034826595801860094
0,QAM64,62,0.0077663897536695,0.0036210650578141212
0,QAM64,63,0.007758331950753927,0.003609282663092017
0,QAM64,64,0.00781074957922101,0.0038041076622903347
0,QAM64,65,0.007731006480753422,0.0036053413059562445
0,QAM64,66,0.00790046900510788,0.0035497730132192373
0,QAM64,67,0.007802029140293598,0.003601285396143794
0,QAM64,68,0.008068596012890339,0.0035572790075093508
0,QAM64,69,0.008015844039618969,0.003650875296443701
0,QAM64,70,0.007887673564255238,0.0036688263062387705
0,QAM64,71,0.007917080074548721,0.00354429567232728
0,QAM64,72,0.007916354574263096,0.003602667711675167
0,QAM64,73,0.00781605951488018,0.0036310257855802774
0,QAM64,74,0.007754330523312092,0.0037456089630723
0,QAM64,75,0.007697741966694593,0.003600893309339881
0,QAM64,76,0.0076789045706391335,0.003421459347009659
0,QAM64,77,0.007782351225614548,0.003576104063540697
0,QAM64,78,0.007759982720017433,0.0035017842892557383
0,QAM64,79,0.007589958608150482,0.0034605038817971945
0,QAM64,80,0.007755904924124479,0.0035076315980404615
0,QAM64,81,0.00785454548895359,0.003550966503098607
0,QAM64,82,0.007915438152849674,0.0035837446339428425
0,QAM64,83,0.007765401154756546,0.003585430793464184
0,QAM64,84,0.0076943677850067616,0.003581710858270526
0,QAM64,85,0.007757570594549179,0.003538107266649604
0,QAM64,86,0.007462064735591412,0.003501445520669222
0,QAM64,87,0.007743027061223984,0.0035756786819547415
0,QAM64,88,0.0077143944799900055,0.0036823274567723274
0,QAM64,89,0.007711981888860464,0.0035116260405629873
0,QAM64,90,0.007818196900188923,0.003612479893490672
0,QAM64,91,0.007869897410273552,0.0036620772443711758
0,QAM64,92,0.007874930277466774,0.003575511509552598
0,QAM64,93,0.007916530594229698,0.0036588243674486876
0,QAM64,94,0.0078092957846820354,0.0036323803942650557
0,QAM64,95,0.007923795841634274,0.003581881755962968
0,QAM64,96,0.007743240799754858,0.0034707821905612946
0,QAM64,97,0.007898451760411263,0.003503331681713462
0,QAM64,98,0.007780259009450674,0.003613443113863468
0,QAM64,99,0.007870111614465714,0.0035377577878534794
0,QAM64,100,0.007851783186197281,0.0035595905501395464
0,QAM64,101,0.00798382144421339,0.003593972185626626
0,QAM64,102,0.008023843169212341,0.003674640553072095
0,QAM64,103,0.0078123100101947784,0.003645264310762286
0,QAM64,104,0.00800127349793911,0.003742353757843375
0,QAM64,105,0.0078062922693789005,0.0036193744745105505
0,QAM64,106,0.007629712577909231,0.003583240322768688
0,QAM64,107,0.007673149928450584,0.0036521272268146276
0,QAM64,108,0.0076280212961137295,0.0035773583222180605
0,QAM64,109,0.007746146526187658,0.0034788253251463175
0,QAM64,110,0.007672044448554516,0.0036568467039614916
0,QAM64,111,0.007867391221225262,0.003575208829715848
0,QAM64,112,0.007855492644011974,0.003661785274744034
0,QAM64,113,0.007611265871673822,0.0035501602105796337
0,QAM64,114,0.007646511774510145,0.0036744200624525547
0,QAM64,115,0.007721139118075371,0.003572928486391902
0,QAM64,116,0.007867256179451942,0.00365627883002162
0,QAM64,117,0.007748992647975683,0.0035382153000682592
0,QAM64,118,0.007636010646820068,0.0035852075088769197
0,QAM64,119,0.007924559526145458,0.003588426159694791
0,QAM64,120,0.007815342396497726,0.0037394571118056774
0,QAM64,121,0.007819940336048603,0.003490958595648408
0,QAM64,122,0.0078000035136938095,0.003519653342664242
0,QAM64,123,0.007708078250288963,0.0034821676090359688
0,QAM64,124,0.007830077782273293,0.003687317483127117
0,QAM64,125,0.0077497693710029125,0.003460865467786789
0,QAM64,126,0.007744246162474155,0.0036880671977996826
0,QAM64,127,0.0077151949517428875,0.0035588815808296204
2,QAM16,0,0.007765003014355898,0.0033881203271448612
2,QAM16,1,0.007858049124479294,0.0033540206495672464
2,QAM16,2,0.007849731482565403,0.003410825040191412
2,QAM16,3,0.007764807436615229,0.0033562970347702503
2,QAM16,4,0.00769001292064786,0.003368174424394965
2,QAM16,5,0.0077009983360767365,0.0033684212248772383
2,QAM16,6,0.0075636981055140495,0.0033569983206689358
2,QAM16,7,0.007496638689190149,0.003305508755147457
2,QAM16,8,0.007600477430969477,0.0033455456141382456
2,QAM16,9,0.007579820696264505,0.003333511296659708
2,QAM16,10,0.007642686367034912,0.0033275384921580553
2,QAM16,11,0.00781738106161356,0.0032364502549171448
2,QAM16,12,0.007711296901106834,0.0033162247855216265
2,QAM16,13,0.007766689173877239,0.0033906546887010336
2,QAM16,14,0.0077553098089993,0.003320505144074559
2,QAM16,15,0.007626567501574755,0.003267507767304778
2,QAM16,16,0.007688536308705807,0.0032815386075526476
2,QAM16,17,0.007769383490085602,0.0033500539138913155
2,QAM16,18,0.007799104321748018,0.0033903822768479586
2,QAM16,19,0.007796234451234341,0.0033793658949434757
2,QAM16,20,0.007720263674855232,0.0033945797476917505
2,QAM16,21,0.007673767860978842,0.0034165261313319206
2,QAM16,22,0.00762587133795023,0.003356245579198003
2,QAM16,23,0.007722713053226471,0.0033188271336257458
2,QAM16,24,0.007708500139415264,0.0032076179049909115
2,QAM16,25,0.007694491650909185,0.0034133505541831255
2,QAM16,26,0.007842471823096275,0.003256512340158224
2,QAM16,27,0.007897146977484226,0.003418809035792947
2,QAM16,28,0.007972532883286476,0.0033125770278275013
2,QAM16,29,0.007928745821118355,0.0033752380404621363
2,QAM16,30,0.007889006286859512,0.003381148213520646
2,QAM16,31,0.00790124200284481,0.0034406143240630627
2,QAM16,32,0.0078474385663867,0.0034546884708106518
2,QAM16,33,0.00780152715742588,0.0032987322192639112
2,QAM16,34,0.007842130959033966,0.0032002441585063934
2,QAM16,35,0.007755990140140057,0.0032328374218195677
2,QAM16,36,0.0077794757671654224,0.0031637619249522686
2,QAM16,37,0.007908331230282784,0.00331159052439034
2,QAM16,38,0.007721451576799154,0.0034007092472165823
2,QAM16,39,0.007751764263957739,0.0034236472565680742
2,QAM16,40,0.0076774172484874725,0.0033855282235890627
2,QAM16,41,0.007791425101459026,0.0033581978641450405
2,QAM16,42,0.007764030713587999,0.0034771286882460117
2,QAM16,43,0.007826981134712696,0.003589619416743517
2,QAM16,44,0.007909180596470833,0.0034616533666849136
2,QAM16,45,0.00789651833474636,0.003348561003804207
2,QAM16,46,0.007843985222280025,0.0033714286983013153
2,QAM16,47,0.007807793095707893,0.003263111924752593
2,QAM16,48,0.007759885396808386,0.003401072695851326
2,QAM16,49,0.007706908974796534,0.003311126958578825
2,QAM16,50,0.007719103712588549,0.0033158345613628626
2,QAM16,51,0.0077962991781532764,0.003349649952724576
2,QAM16,52,0.007729419507086277,0.003331206738948822
2,QAM16,53,0.007714602164924145,0.0033016689121723175
2,QAM16,54,0.00789014995098114,0.0033880125265568495
2,QAM16,55,0.007774888537824154,0.003286828054115176
2,QAM16,56,0.007674052845686674,0.003403236623853445
2,QAM16,57,0.00782551895827055,0.0034835662227123976
2,QAM16,58,0.007769608870148659,0.003393648425117135
2,QAM16,59,0.007757407147437334,0.003387471893802285
2,QAM16,60,0.007786365691572428,0.0033820909447968006
2,QAM16,61,0.007895046845078468,0.003417189233005047
2,QAM16,62,0.007769945543259382,0.0033114892430603504
2,QAM16,63,0.00781988725066185,0.0033227261155843735
2,QAM16,64,0.007940465584397316,0.003317953087389469
2,QAM16,65,0.007955900393426418,0.0033514269161969423
2,QAM16,66,0.007883977144956589,0.0033480776473879814
2,QAM16,67,0.007875301875174046,0.0033157712314277887
2,QAM16,68,0.007738105487078428,0.003338390262797475
2,QAM16,69,0.007816522382199764,0.003383056726306677
2,QAM16,70,0.007719992194324732,0.003276581410318613
2,QAM16,71,0.007876230403780937,0.0032765637151896954
2,QAM16,72,0.007907265797257423,0.003400792134925723
2,QAM16,73,0.007833888754248619,0.0033026589080691338
2,QAM16,74,0.007732623256742954,0.0033693404402583838
2,QAM16,75,0.00776363629847765,0.0033633606508374214
2,QAM16,76,0.007831484079360962,0.003320150077342987
2,QAM16,77,0.007783139124512672,0.003314102068543434
2,QAM16,78,0.007710655219852924,0.003366987919434905
2,QAM16,79,0.007675059139728546,0.003515113377943635
2,QAM16,80,0.007783023174852133,0.0033654170110821724
2,QAM16,81,0.007862708531320095,0.0032943126279860735
2,QAM16,82,0.00791418831795454,0.003416069783270359
2,QAM16,83,0.007938578724861145,0.003283232916146517
2,QAM16,84,0.008003165945410728,0.003360000904649496
2,QAM16,85,0.008093448355793953,0.0032429038546979427
2,QAM16,86,0.007972577586770058,0.0033214229624718428
2,QAM16,87,0.007966673001646996,0.0034505424555391073
2,QAM16,88,0.008163527585566044,0.0034116327296942472
2,QAM16,89,0.008046780712902546,0.0033712657168507576
2,QAM16,90,0.007876741699874401,0.00339338812045753
2,QAM16,91,0.007928957231342793,0.003272172063589096
2,QAM16,92,0.007825247943401337,0.003242665436118841
2,QAM16,93,0.00773567333817482,0.0032675780821591616
2,QAM16,94,0.007721054367721081,0.0032677222043275833
2,QAM16,95,0.007676479872316122,0.0034200712107121944
2,QAM16,96,0.007789265364408493,0.0033553915563970804
2,QAM16,97,0.0077525414526462555,0.003436159109696746
2,QAM16,98,0.007834314368665218,0.00330562936142087
2,QAM16,99,0.00782304722815752,0.0032135616056621075
2,QAM16,100,0.007880141027271748,0.0033720601350069046
2,QAM16,101,0.008014035411179066,0.003336843568831682
2,QAM16,102,0.00802918802946806,0.0032964758574962616
2,QAM16,103,0.007841777056455612,0.0033240404445677996
2,QAM16,104,0.007892110385000706,0.003483567386865616
2,QAM16,105,0.007859528064727783,0.00345601886510849
2,QAM16,106,0.007820183411240578,0.0034804465249180794
2,QAM16,107,0.007790829986333847,0.0034693090710788965
2,QAM16,108,0.007773205172270536,0.0033464026637375355
2,QAM16,109,0.007884671911597252,0.0033710028510540724
2,QAM16,110,0.007904775440692902,0.0033628277014940977
2,QAM16,111,0.007901987992227077,0.003504334017634392
2,QAM16,112,0.007869841530919075,0.003393060527741909
2,QAM16,113,0.007880685850977898,0.0033312207087874413
2,QAM16,114,0.007821900770068169,0.0034570603165775537
2,QAM16,115,0.007743640802800655,0.003383839037269354
2,QAM16,116,0.007693834602832794,0.0034523613285273314
2,QAM16,117,0.00766264833509922,0.0034919821191579103
2,QAM16,118,0.007834781892597675,0.0033910898491740227
2,QAM16,119,0.007873646914958954,0.0035972411278635263
2,QAM16,120,0.007770777214318514,0.0035722507163882256
2,QAM16,121,0.007952273823320866,0.0034728189930319786
2,QAM16,122,0.00783558003604412,0.0034759955015033484
2,QAM16,123,0.007924066856503487,0.0034820635337382555
2,QAM16,124,0.007978677749633789,0.0035048790741711855
2,QAM16,125,0.007860377430915833,0.0034858344588428736
2,QAM16,126,0.007966010831296444,0.003507533809170127
2,QAM16,127,0.007852856069803238,0.003438577288761735
2,QAM64,0,0.007660668808966875,0.003600324969738722
2,QAM64,1,0.007690927479416132,0.00339787220582366
2,QAM64,2,0.007882345467805862,0.0034477768931537867
2,QAM64,3,0.007874876260757446,0.0033157439902424812
2,QAM64,4,0.007813718169927597,0.003387085860595107
2,QAM64,5,0.007872001267969608,0.0033655718434602022
2,QAM64,6,0.007828905247151852,0.0034599334467202425
2,QAM64,7,0.007801111787557602,0.0034777342807501554
2,QAM64,8,0.007940887473523617,0.0033943948801606894
2,QAM64,9,0.007989616133272648,0.0034412399400025606
2,QAM64,10,0.007911321707069874,0.003539571538567543
2,QAM64,11,0.007902354933321476,0.0034667793661355972
2,QAM64,12,0.00796129833906889,0.0034519238397479057
2,QAM64,13,0.00784014817327261,0.0034774199593812227
2,QAM64,14,0.007826413959264755,0.003366536693647504
2,QAM64,15,0.007901688106358051,0.0035325223580002785
2,QAM64,16,0.007826489396393299,0.0034272607881575823
2,QAM64,17,0.00774352066218853,0.003294799942523241
2,QAM64,18,0.007892614230513573,0.0033994168043136597
2,QAM64,19,0.007836813107132912,0.003391839563846588
2,QAM64,20,0.007887913845479488,0.0034131603315472603
2,QAM64,21,0.007961932569742203,0.0034927905071526766
2,QAM64,22,0.007715577259659767,0.003368824953213334
2,QAM64,23,0.007603560574352741,0.0034160269424319267
2,QAM64,24,0.007615472190082073,0.0033346323762089014
2,QAM64,25,0.00768366688862443,0.0033671697601675987
2,QAM64,26,0.007635084446519613,0.0033244797959923744
2,QAM64,27,0.0076485127210617065,0.003452467732131481
2,QAM64,28,0.007800634950399399,0.003413023892790079
2,QAM64,29,0.007480960339307785,0.003436462255194783
2,QAM64,30,0.007648360915482044,0.0034970983397215605
2,QAM64,31,0.007583331316709518,0.0033843533601611853
2,QAM64,32,0.007695919368416071,0.003366466611623764
2,QAM64,33,0.007700142916291952,0.003389892866834998
2,QAM64,34,0.0076739974319934845,0.0033103444147855043
2,QAM64,35,0.007748492993414402,0.0034337688703089952
2,QAM64,36,0.007788123097270727,0.003472850890830159
2,QAM64,37,0.007886742241680622,0.0034517510794103146
2,QAM64,38,0.007823197171092033,0.003377689514309168
2,QAM64,39,0.007854902185499668,0.003395223990082741
2,QAM64,40,0.007673568557947874,0.003345416858792305
2,QAM64,41,0.007718202657997608,0.003355157794430852
2,QAM64,42,0.007548387162387371,0.0034472288098186255
2,QAM64,43,0.007693719584494829,0.0033165595959872007
2,QAM64,44,0.00779465539380908,0.003404655260965228
2,QAM64,45,0.00782311987131834,0.0033792895264923573
2,QAM64,46,0.007785978261381388,0.0033345473930239677
2,QAM64,47,0.007713121362030506,0.003428191412240267
2,QAM64,48,0.007845854386687279,0.003486083820462227
2,QAM64,49,0.007841421291232109,0.003523754421621561
2,QAM64,50,0.007703001145273447,0.003373450366780162
2,QAM64,51,0.007828723639249802,0.003376149805262685
2,QAM64,52,0.007744861766695976,0.0033868062309920788
2,QAM64,53,0.007826552726328373,0.0033611636608839035
2,QAM64,54,0.007893846370279789,0.003429270116612315
2,QAM64,55,0.007599276956170797,0.0034040953032672405
2,QAM64,56,0.007745746988803148,0.003485427238047123
2,QAM64,57,0.007703131064772606,0.00340211926959455
2,QAM64,58,0.007888718508183956,0.0033294425811618567
2,QAM64,59,0.007813440635800362,0.003367149969562888
2,QAM64,60,0.00781774427741766,0.0034345989115536213
2,QAM64,61,0.007874110713601112,0.003296180395409465
2,QAM64,62,0.007813486270606518,0.003418766427785158
2,QAM64,63,0.007612035609781742,0.0033063215669244528
2,QAM64,64,0.007638296112418175,0.003336317604407668
2,QAM64,65,0.007737204432487488,0.0033418978564441204
2,QAM64,66,0.007705377880483866,0.0034414902329444885
2,QAM64,67,0.007791789248585701,0.003346781013533473
2,QAM64,68,0.007893824949860573,0.003408720949664712
2,QAM64,69,0.00800776295363903,0.003438786370679736
2,QAM64,70,0.007870298810303211,0.003436618484556675
2,QAM64,71,0.007979460060596466,0.003410785458981991
2,QAM64,72,0.008023056201636791,0.003357489360496402
2,QAM64,73,0.007820351049304008,0.0033461148850619793
2,QAM64,74,0.007910403423011303,0.003468442941084504
2,QAM64,75,0.007733208127319813,0.003438504645600915
2,QAM64,76,0.007785904221236706,0.003434881567955017
2,QAM64,77,0.007757683750241995,0.003490384202450514
2,QAM64,78,0.007702097296714783,0.0034991756547242403
2,QAM64,79,0.0077951583079993725,0.0034462586045265198
2,QAM64,80,0.007664023898541927,0.003461642889305949
2,QAM64,81,0.007638012990355492,0.003458427730947733
2,QAM64,82,0.007550929673016071,0.003367247059941292
2,QAM64,83,0.007613650523126125,0.003381533082574606
2,QAM64,84,0.007725454866886139,0.0033924486488103867
2,QAM64,85,0.0077090938575565815,0.0033348689321428537
2,QAM64,86,0.00777904037386179,0.0033980896696448326
2,QAM64,87,0.007760139647871256,0.0033427493181079626
2,QAM64,88,0.007894257083535194,0.003321858122944832
2,QAM64,89,0.007957306690514088,0.0034184237010776997
2,QAM64,90,0.007967369630932808,0.003402580274268985
2,QAM64,91,0.007948058657348156,0.00348544679582119
2,QAM64,92,0.008017227984964848,0.003340066410601139
2,QAM64,93,0.008177408948540688,0.003357275389134884
2,QAM64,94,0.00811072438955307,0.003419562941417098
2,QAM64,95,0.007861080579459667,0.003446518909186125
2,QAM64,96,0.007796792779117823,0.0034515263978391886
2,QAM64,97,0.007634094916284084,0.003456548787653446
2,QAM64,98,0.007631188724189997,0.0034154141321778297
2,QAM64,99,0.007711409125477076,0.0034772527869790792
2,QAM64,100,0.007761634886264801,0.0034365493338555098
2,QAM64,101,0.007866413332521915,0.0034282314591109753
2,QAM64,102,0.007833562791347504,0.003402106696739793
2,QAM64,103,0.007947626523673534,0.0034778581466525793
2,QAM64,104,0.007955357432365417,0.003518675686791539
2,QAM64,105,0.007948029786348343,0.0034509908873587847
2,QAM64,106,0.007948662154376507,0.0034304047003388405
2,QAM64,107,0.00785509031265974,0.003543238388374448
2,QAM64,108,0.007860515266656876,0.003415756393224001
2,QAM64,109,0.007998349145054817,0.0034031947143375874
2,QAM64,110,0.007894095033407211,0.003511323593556881
2,QAM64,111,0.007900319993495941,0.003425780450925231
2,QAM64,112,0.007823457010090351,0.0035737962462008
2,QAM64,113,0.00793861597776413,0.0034450071398168802
2,QAM64,114,0.007951282896101475,0.003401286667212844
2,QAM64,115,0.008054010570049286,0.003363343421369791
2,QAM64,116,0.007998504675924778,0.0033609557431191206
2,QAM64,117,0.008053851313889027,0.0034597332123667
2,QAM64,118,0.007951711304485798,0.003512683790177107
2,QAM64,119,0.007841288112103939,0.0034256454091519117
2,QAM64,120,0.007802149280905724,0.0033551915548741817
2,QAM64,121,0.007614072412252426,0.003346086945384741
2,QAM64,122,0.007743748836219311,0.003378341207280755
2,QAM64,123,0.007789243012666702,0.003399480599910021
2,QAM64,124,0.007847911678254604,0.0034966995008289814
2,QAM64,125,0.007890377193689346,0.0033897480461746454
2,QAM64,126,0.007946815341711044,0.0035191813949495554
2,QAM64,127,0.007947226986289024,0.003486525733023882
