snr_db,modulation,time_index,mean_normalized_amplitude,std_normalized_amplitude
-4,QAM16,0,1.0096583366394043,0.5005122423171997
-4,QAM16,1,1.0247547626495361,0.5112109184265137
-4,QAM16,2,1.0168100595474243,0.5309358239173889
-4,QAM16,3,0.992394208908081,0.5103775858879089
-4,QAM16,4,1.015872836112976,0.517643928527832
-4,QAM16,5,1.000069260597229,0.5274292230606079
-4,QAM16,6,0.9942050576210022,0.5139822363853455
-4,QAM16,7,1.0285587310791016,0.5289580225944519
-4,QAM16,8,1.011334776878357,0.49830958247184753
-4,QAM16,9,0.9904987812042236,0.5016496777534485
-4,QAM16,10,1.0115538835525513,0.49774032831192017
-4,QAM16,11,0.9944270849227905,0.48964768648147583
-4,QAM16,12,0.9942806959152222,0.5036675930023193
-4,QAM16,13,1.025293231010437,0.4899819493293762
-4,QAM16,14,0.9833000302314758,0.4885687828063965
-4,QAM16,15,1.0051640272140503,0.5071015357971191
-4,QAM16,16,0.9972512125968933,0.5151668190956116
-4,QAM16,17,1.0204036235809326,0.5191301703453064
-4,QAM16,18,0.9987085461616516,0.5189031362533569
-4,QAM16,19,1.0183682441711426,0.5132330656051636
-4,QAM16,20,0.9778684377670288,0.49548766016960144
-4,QAM16,21,0.9837055206298828,0.5022603869438171
-4,QAM16,22,0.9774098992347717,0.5176542401313782
-4,QAM16,23,1.0165644884109497,0.5319055914878845
-4,QAM16,24,1.006502389907837,0.5075667500495911
-4,QAM16,25,0.9911614656448364,0.5126411318778992
-4,QAM16,26,0.9598544239997864,0.5155604481697083
-4,QAM16,27,1.0079436302185059,0.5289583206176758
-4,QAM16,28,1.0024242401123047,0.5117417573928833
-4,QAM16,29,1.0016095638275146,0.5205785036087036
-4,QAM16,30,0.9888561367988586,0.5145988464355469
-4,QAM16,31,0.9940348267555237,0.5155816078186035
-4,QAM16,32,1.018609642982483,0.5027855634689331
-4,QAM16,33,1.0188226699829102,0.5111854076385498
-4,QAM16,34,1.0014370679855347,0.5117339491844177
-4,QAM16,35,0.9994354844093323,0.5086477994918823
-4,QAM16,36,0.9949674010276794,0.5125204920768738
-4,QAM16,37,1.0031743049621582,0.5121966004371643
-4,QAM16,38,0.9784985780715942,0.5020876526832581
-4,QAM16,39,0.9688961505889893,0.49638012051582336
-4,QAM16,40,1.0078717470169067,0.5107353329658508
-4,QAM16,41,1.0116028785705566,0.5202299356460571
-4,QAM16,42,0.9935118556022644,0.5110670924186707
-4,QAM16,43,1.0155093669891357,0.5356349349021912
-4,QAM16,44,1.003835916519165,0.5022753477096558
-4,QAM16,45,1.0148274898529053,0.5001873970031738
-4,QAM16,46,0.9874024391174316,0.5233309864997864
-4,QAM16,47,1.0153822898864746,0.5176160335540771
-4,QAM16,48,1.0051701068878174,0.49466177821159363
-4,QAM16,49,0.9968491792678833,0.5243198871612549
-4,QAM16,50,1.0153577327728271,0.5331732630729675
-4,QAM16,51,0.983718752861023,0.5051546096801758
-4,QAM16,52,0.9861694574356079,0.516799807548523
-4,QAM16,53,1.0279343128204346,0.5211969017982483
-4,QAM16,54,0.9987918734550476,0.5107330083847046
-4,QAM16,55,0.980255126953125,0.5263004899024963
-4,QAM16,56,0.99465411901474,0.5256367325782776
-4,QAM16,57,0.9725361466407776,0.4847725033760071
-4,QAM16,58,1.0109485387802124,0.5183430910110474
-4,QAM16,59,1.0225046873092651,0.5040498375892639
-4,QAM16,60,1.0020123720169067,0.503217875957489
-4,QAM16,61,1.0092761516571045,0.513127863407135
-4,QAM16,62,0.9792171716690063,0.48863932490348816
-4,QAM16,63,0.9900259971618652,0.5113664269447327
-4,QAM16,64,1.0217036008834839,0.5246657133102417
-4,QAM16,65,1.010671854019165,0.5145938992500305
-4,QAM16,66,1.01808762550354,0.5284951329231262
-4,QAM16,67,0.9938523173332214,0.50843346118927
-4,QAM16,68,1.012796401977539,0.5041006803512573
-4,QAM16,69,1.011922836303711,0.5061452984809875
-4,QAM16,70,0.9859968423843384,0.5114134550094604
-4,QAM16,71,0.9876497983932495,0.5094825029373169
-4,QAM16,72,0.9872646331787109,0.5117074251174927
-4,QAM16,73,1.0018142461776733,0.5072507858276367
-4,QAM16,74,1.0133774280548096,0.5089864730834961
-4,QAM16,75,1.0104011297225952,0.4927692413330078
-4,QAM16,76,0.9672563672065735,0.5147016644477844
-4,QAM16,77,0.9996462464332581,0.5205447673797607
-4,QAM16,78,1.0045098066329956,0.4994291365146637
-4,QAM16,79,0.9980358481407166,0.5130261778831482
-4,QAM16,80,0.9886479377746582,0.5248873233795166
-4,QAM16,81,1.0292940139770508,0.5107402801513672
-4,QAM16,82,0.9916952252388,0.4878159165382385
-4,QAM16,83,0.9871372580528259,0.5028889179229736
-4,QAM16,84,0.9801057577133179,0.5035431385040283
-4,QAM16,85,1.0007421970367432,0.506394624710083
-4,QAM16,86,1.007211685180664,0.5185177326202393
-4,QAM16,87,0.9875845313072205,0.5131704807281494
-4,QAM16,88,1.0095173120498657,0.5092982649803162
-4,QAM16,89,1.0233925580978394,0.5187543034553528
-4,QAM16,90,1.01249098777771,0.494266539812088
-4,QAM16,91,0.9921863079071045,0.5167236924171448
-4,QAM16,92,1.0223641395568848,0.5229203701019287
-4,QAM16,93,1.005408763885498,0.5177242755889893
-4,QAM16,94,0.9967641234397888,0.5184625387191772
-4,QAM16,95,0.9958379864692688,0.5083492398262024
-4,QAM16,96,1.0337982177734375,0.5085358023643494
-4,QAM16,97,1.0073388814926147,0.5139850378036499
-4,QAM16,98,1.0116965770721436,0.5023350715637207
-4,QAM16,99,0.9945307970046997,0.5199934840202332
-4,QAM16,100,0.9774996042251587,0.519478976726532
-4,QAM16,101,1.0034375190734863,0.49638643860816956
-4,QAM16,102,0.9894295334815979,0.519870400428772
-4,QAM16,103,0.9801709055900574,0.49941080808639526
-4,QAM16,104,1.017716884613037,0.5013579726219177
-4,QAM16,105,1.0019503831863403,0.5195630788803101
-4,QAM16,106,1.0102440118789673,0.5150325894355774
-4,QAM16,107,1.0077683925628662,0.514538049697876
-4,QAM16,108,0.9817070960998535,0.49911683797836304
-4,QAM16,109,1.0054409503936768,0.5198124647140503
-4,QAM16,110,0.9965192675590515,0.5096890926361084
-4,QAM16,111,0.9981723427772522,0.5188047289848328
-4,QAM16,112,0.9895466566085815,0.5080798268318176
-4,QAM16,113,0.9787667989730835,0.5137102603912354
-4,QAM16,114,1.0166198015213013,0.5059672594070435
-4,QAM16,115,1.0213804244995117,0.5051630735397339
-4,QAM16,116,0.978119432926178,0.5084395408630371
-4,QAM16,117,0.9790291786193848,0.5134614109992981
-4,QAM16,118,1.030792474746704,0.512968897819519
-4,QAM16,119,0.9914553761482239,0.5054100155830383
-4,QAM16,120,0.9764550924301147,0.5141437649726868
-4,QAM16,121,0.9985095262527466,0.497213751077652
-4,QAM16,122,0.9828815460205078,0.4928557276725769
-4,QAM16,123,1.0004091262817383,0.5120805501937866
-4,QAM16,124,0.968285083770752,0.4958935081958771
-4,QAM16,125,0.9956808090209961,0.5230140089988708
-4,QAM16,126,0.9826115369796753,0.5002787113189697
-4,QAM16,127,0.9866143465042114,0.5002518892288208
-4,QAM64,0,0.9959865212440491,0.5070832967758179
-4,QAM64,1,1.009522795677185,0.5172077417373657
-4,QAM64,2,1.0122175216674805,0.5190330147743225
-4,QAM64,3,0.9911772608757019,0.5116142630577087
-4,QAM64,4,0.9987650513648987,0.5169405937194824
-4,QAM64,5,0.9862123131752014,0.5119762420654297
-4,QAM64,6,0.9992603063583374,0.5280115008354187
-4,QAM64,7,1.0032516717910767,0.5166563391685486
-4,QAM64,8,0.9891029000282288,0.5015408992767334
-4,QAM64,9,0.9795288443565369,0.5167399644851685
-4,QAM64,10,1.0113812685012817,0.5184123516082764
-4,QAM64,11,0.9960700869560242,0.5387108325958252
-4,QAM64,12,0.975032389163971,0.49319934844970703
-4,QAM64,13,0.9889937043190002,0.48890742659568787
-4,QAM64,14,0.964333713054657,0.48543184995651245
-4,QAM64,15,1.0050030946731567,0.5169755816459656
-4,QAM64,16,1.0104541778564453,0.5053710341453552
-4,QAM64,17,0.9972191452980042,0.5270900130271912
-4,QAM64,18,0.9942660331726074,0.4727810323238373
-4,QAM64,19,0.9940485954284668,0.480728417634964
-4,QAM64,20,1.006717562675476,0.5065795183181763
-4,QAM64,21,1.0283466577529907,0.5080482959747314
-4,QAM64,22,1.0052655935287476,0.511329174041748
-4,QAM64,23,0.9987192153930664,0.5116177201271057
-4,QAM64,24,1.0306285619735718,0.49031785130500793
-4,QAM64,25,1.025693416595459,0.5185490250587463
-4,QAM64,26,1.0046051740646362,0.5228355526924133
-4,QAM64,27,1.0016448497772217,0.4848006069660187
-4,QAM64,28,0.9698500633239746,0.5163114070892334
-4,QAM64,29,1.024790644645691,0.489897221326828
-4,QAM64,30,1.0043389797210693,0.5302345752716064
-4,QAM64,31,1.0221829414367676,0.521752655506134
-4,QAM64,32,1.0021952390670776,0.5237484574317932
-4,QAM64,33,1.0078765153884888,0.5154691338539124
-4,QAM64,34,1.018876075744629,0.5054380893707275
-4,QAM64,35,1.0111054182052612,0.5206500291824341
-4,QAM64,36,0.9999838471412659,0.5232675075531006
-4,QAM64,37,1.0078517198562622,0.5116792917251587
-4,QAM64,38,1.0084328651428223,0.5037627220153809
-4,QAM64,39,1.0178110599517822,0.5133289098739624
-4,QAM64,40,0.9892210960388184,0.5089665055274963
-4,QAM64,41,0.9797168970108032,0.5102838277816772
-4,QAM64,42,1.016822338104248,0.5347026586532593
-4,QAM64,43,0.9974209666252136,0.5311384797096252
-4,QAM64,44,0.9821856021881104,0.5112285017967224
-4,QAM64,45,1.0010117292404175,0.5096322298049927
-4,QAM64,46,0.9896296262741089,0.5191431045532227
-4,QAM64,47,0.9885962009429932,0.5101050138473511
-4,QAM64,48,0.9854163527488708,0.5070992112159729
-4,QAM64,49,1.018934726715088,0.5099425315856934
-4,QAM64,50,0.994943380355835,0.5215587019920349
-4,QAM64,51,0.9876563549041748,0.5076988339424133
-4,QAM64,52,1.0052177906036377,0.5058497786521912
-4,QAM64,53,0.9833601713180542,0.5006507635116577
-4,QAM64,54,0.9787575602531433,0.5150961875915527
-4,QAM64,55,0.9618316888809204,0.5032007098197937
-4,QAM64,56,0.997848391532898,0.5004858374595642
-4,QAM64,57,1.0109541416168213,0.5097809433937073
-4,QAM64,58,0.9778579473495483,0.49225786328315735
-4,QAM64,59,0.9816320538520813,0.5098787546157837
-4,QAM64,60,1.0547856092453003,0.5300790667533875
-4,QAM64,61,1.0028990507125854,0.5253223776817322
-4,QAM64,62,1.0128066539764404,0.5026400685310364
-4,QAM64,63,0.9630290269851685,0.49871301651000977
-4,QAM64,64,1.009946584701538,0.5117051601409912
-4,QAM64,65,0.9820188283920288,0.5008833408355713
-4,QAM64,66,1.0091066360473633,0.5239033699035645
-4,QAM64,67,0.9959511160850525,0.4942077100276947
-4,QAM64,68,0.9934964179992676,0.49870535731315613
-4,QAM64,69,0.9904788136482239,0.5216820240020752
-4,QAM64,70,0.9794665575027466,0.5189087986946106
-4,QAM64,71,0.96690434217453,0.5176467895507812
-4,QAM64,72,0.9974076747894287,0.5126929879188538
-4,QAM64,73,0.9810972213745117,0.5046118497848511
-4,QAM64,74,0.9839769601821899,0.5081556439399719
-4,QAM64,75,1.0133230686187744,0.5104754567146301
-4,QAM64,76,0.9875329732894897,0.49849820137023926
-4,QAM64,77,1.0205533504486084,0.5197252631187439
-4,QAM64,78,0.9898601174354553,0.5224452018737793
-4,QAM64,79,0.9847970604896545,0.5039800405502319
-4,QAM64,80,1.0064513683319092,0.5342903137207031
-4,QAM64,81,0.9965411424636841,0.5042194724082947
-4,QAM64,82,0.9826021790504456,0.5166835784912109
-4,QAM64,83,1.0356194972991943,0.509513795375824
-4,QAM64,84,1.0237481594085693,0.5210359692573547
-4,QAM64,85,0.9975442290306091,0.49385514855384827
-4,QAM64,86,1.0138933658599854,0.5158539414405823
-4,QAM64,87,1.0058513879776,0.5212796926498413
-4,QAM64,88,0.9897433519363403,0.5054491758346558
-4,QAM64,89,1.0049484968185425,0.5069459676742554
-4,QAM64,90,0.9777633547782898,0.49516770243644714
-4,QAM64,91,0.9931790828704834,0.5169198513031006
-4,QAM64,92,0.9751974940299988,0.5057289600372314
-4,QAM64,93,1.0147284269332886,0.5236774682998657
-4,QAM64,94,1.008621096611023,0.5195096135139465
-4,QAM64,95,1.0208925008773804,0.5083261728286743
-4,QAM64,96,1.034812569618225,0.542367160320282
-4,QAM64,97,0.998627781867981,0.5197722911834717
-4,QAM64,98,1.0018314123153687,0.5078243017196655
-4,QAM64,99,1.0414994955062866,0.5266944169998169
-4,QAM64,100,1.0011804103851318,0.4938322603702545
-4,QAM64,101,1.0013384819030762,0.5085218548774719
-4,QAM64,102,0.9921039938926697,0.5113920569419861
-4,QAM64,103,0.9808050990104675,0.520334005355835
-4,QAM64,104,1.034231424331665,0.5176082849502563
-4,QAM64,105,1.0077050924301147,0.5154159665107727
-4,QAM64,106,0.9884747862815857,0.4802843928337097
-4,QAM64,107,1.0136319398880005,0.5056397318840027
-4,QAM64,108,1.0231037139892578,0.5280283689498901
-4,QAM64,109,1.0036325454711914,0.4935927987098694
-4,QAM64,110,0.9992718696594238,0.5365645885467529
-4,QAM64,111,1.00579035282135,0.5174180865287781
-4,QAM64,112,0.9854708313941956,0.5282391905784607
-4,QAM64,113,0.9749701619148254,0.5131519436836243
-4,QAM64,114,1.001264214515686,0.5139654278755188
-4,QAM64,115,1.0070858001708984,0.5078245997428894
-4,QAM64,116,0.9904452562332153,0.5027900338172913
-4,QAM64,117,0.9710374474525452,0.4984580874443054
-4,QAM64,118,0.9944354295730591,0.5144858956336975
-4,QAM64,119,0.9959121942520142,0.5029387474060059
-4,QAM64,120,1.0061310529708862,0.5189020037651062
-4,QAM64,121,1.0110280513763428,0.5190232396125793
-4,QAM64,122,1.0003994703292847,0.5181927680969238
-4,QAM64,123,1.0168148279190063,0.521842360496521
-4,QAM64,124,0.9918144941329956,0.5200474262237549
-4,QAM64,125,1.0353379249572754,0.5188884735107422
-4,QAM64,126,0.9918769001960754,0.5099089741706848
-4,QAM64,127,1.0034054517745972,0.5385278463363647
-2,QAM16,0,1.0049277544021606,0.4921286702156067
-2,QAM16,1,1.03069007396698,0.5054285526275635
-2,QAM16,2,0.996870756149292,0.48048079013824463
-2,QAM16,3,1.0097038745880127,0.4730193316936493
-2,QAM16,4,1.0103377103805542,0.4915846288204193
-2,QAM16,5,0.975519061088562,0.4805583357810974
-2,QAM16,6,1.0267541408538818,0.49173763394355774
-2,QAM16,7,0.9996122717857361,0.4735257923603058
-2,QAM16,8,1.0315600633621216,0.5051742196083069
-2,QAM16,9,0.987917959690094,0.48584654927253723
-2,QAM16,10,1.0281018018722534,0.4824722409248352
-2,QAM16,11,0.981094241142273,0.47188225388526917
-2,QAM16,12,0.9957285523414612,0.49182990193367004
-2,QAM16,13,0.9925546050071716,0.4943539500236511
-2,QAM16,14,0.9589267373085022,0.47850626707077026
-2,QAM16,15,0.9943047761917114,0.4866468012332916
-2,QAM16,16,1.0063621997833252,0.4843357503414154
-2,QAM16,17,0.981590211391449,0.4896414577960968
-2,QAM16,18,0.993084192276001,0.4798335134983063
-2,QAM16,19,1.0245015621185303,0.49574148654937744
-2,QAM16,20,0.9910455346107483,0.4798113703727722
-2,QAM16,21,1.009468913078308,0.49274611473083496
-2,QAM16,22,0.9952439069747925,0.47874507308006287
-2,QAM16,23,0.9943133592605591,0.48780637979507446
-2,QAM16,24,0.9775662422180176,0.49219653010368347
-2,QAM16,25,1.0026720762252808,0.49603912234306335
-2,QAM16,26,1.00541353225708,0.48376545310020447
-2,QAM16,27,0.9867536425590515,0.47476619482040405
-2,QAM16,28,0.9899565577507019,0.4898897707462311
-2,QAM16,29,0.9883444905281067,0.47192680835723877
-2,QAM16,30,0.9957960844039917,0.4955710172653198
-2,QAM16,31,0.9941312670707703,0.48476442694664
-2,QAM16,32,1.0031648874282837,0.4886651039123535
-2,QAM16,33,0.9897461533546448,0.5017648935317993
-2,QAM16,34,1.0199878215789795,0.5001403093338013
-2,QAM16,35,0.9925384521484375,0.4918968975543976
-2,QAM16,36,1.0022691488265991,0.4739628732204437
-2,QAM16,37,1.0155863761901855,0.49013233184814453
-2,QAM16,38,1.0020227432250977,0.4998796582221985
-2,QAM16,39,0.9837305545806885,0.485769659280777
-2,QAM16,40,0.9920645952224731,0.4943389296531677
-2,QAM16,41,0.9767186641693115,0.475159227848053
-2,QAM16,42,0.9873899221420288,0.47257593274116516
-2,QAM16,43,0.9663580060005188,0.4901750087738037
-2,QAM16,44,0.9752590656280518,0.4754147529602051
-2,QAM16,45,0.9704190492630005,0.4854888617992401
-2,QAM16,46,1.004886269569397,0.49214452505111694
-2,QAM16,47,1.0242834091186523,0.5066867470741272
-2,QAM16,48,1.000342607498169,0.48141780495643616
-2,QAM16,49,0.9895440340042114,0.4660746157169342
-2,QAM16,50,1.0007866621017456,0.4872983396053314
-2,QAM16,51,1.0042359828948975,0.5019004940986633
-2,QAM16,52,1.0227996110916138,0.4998331069946289
-2,QAM16,53,1.0184414386749268,0.5063690543174744
-2,QAM16,54,0.9845620393753052,0.4889717400074005
-2,QAM16,55,0.996796190738678,0.5072143077850342
-2,QAM16,56,1.0092853307724,0.4773217439651489
-2,QAM16,57,1.0295295715332031,0.5086076855659485
-2,QAM16,58,1.005057692527771,0.48361074924468994
-2,QAM16,59,1.0063838958740234,0.4851788282394409
-2,QAM16,60,1.0224337577819824,0.4823610186576843
-2,QAM16,61,0.9751214981079102,0.47885531187057495
-2,QAM16,62,1.0104063749313354,0.4773077070713043
-2,QAM16,63,1.0082749128341675,0.4904033839702606
-2,QAM16,64,1.0100641250610352,0.49276402592658997
-2,QAM16,65,1.0164872407913208,0.47618919610977173
-2,QAM16,66,1.035754680633545,0.4892618954181671
-2,QAM16,67,1.017704725265503,0.48827552795410156
-2,QAM16,68,0.9878776669502258,0.48617488145828247
-2,QAM16,69,0.9915271997451782,0.48696276545524597
-2,QAM16,70,1.0175657272338867,0.49233466386795044
-2,QAM16,71,0.996623158454895,0.4983338415622711
-2,QAM16,72,1.0257172584533691,0.49403366446495056
-2,QAM16,73,1.0034396648406982,0.4814603328704834
-2,QAM16,74,0.9991502165794373,0.4851510226726532
-2,QAM16,75,0.990342915058136,0.47332844138145447
-2,QAM16,76,1.0014880895614624,0.5035874843597412
-2,QAM16,77,0.9878259301185608,0.5173733234405518
-2,QAM16,78,0.9992247223854065,0.4964725971221924
-2,QAM16,79,1.0057696104049683,0.4919027090072632
-2,QAM16,80,1.0009042024612427,0.48509472608566284
-2,QAM16,81,0.9822102785110474,0.48841139674186707
-2,QAM16,82,0.9971100091934204,0.4811936318874359
-2,QAM16,83,0.9838548898696899,0.47305116057395935
-2,QAM16,84,1.003470540046692,0.4712464213371277
-2,QAM16,85,1.0104963779449463,0.48491185903549194
-2,QAM16,86,0.9899677038192749,0.4745914041996002
-2,QAM16,87,0.9935272336006165,0.4906185269355774
-2,QAM16,88,1.0266145467758179,0.4800189435482025
-2,QAM16,89,1.0176546573638916,0.5104628205299377
-2,QAM16,90,1.0074121952056885,0.4853903353214264
-2,QAM16,91,0.987511157989502,0.4711190462112427
-2,QAM16,92,0.9949551820755005,0.4898530840873718
-2,QAM16,93,0.9748476147651672,0.4920545518398285
-2,QAM16,94,0.949314534664154,0.4651167690753937
-2,QAM16,95,0.9918015003204346,0.4825911819934845
-2,QAM16,96,0.9953565001487732,0.5114192962646484
-2,QAM16,97,0.9874755144119263,0.4782004654407501
-2,QAM16,98,1.0030615329742432,0.500576913356781
-2,QAM16,99,1.003427505493164,0.4854663908481598
-2,QAM16,100,0.9941944479942322,0.4969397187232971
-2,QAM16,101,1.0006976127624512,0.49118566513061523
-2,QAM16,102,1.0246533155441284,0.48710596561431885
-2,QAM16,103,1.0273146629333496,0.4910430908203125
-2,QAM16,104,0.9894477128982544,0.48836657404899597
-2,QAM16,105,0.9927286505699158,0.4784454107284546
-2,QAM16,106,1.0059702396392822,0.478937029838562
-2,QAM16,107,0.9971541166305542,0.4722130596637726
-2,QAM16,108,1.0127274990081787,0.49873459339141846
-2,QAM16,109,1.0170232057571411,0.4824718236923218
-2,QAM16,110,1.0086236000061035,0.47407370805740356
-2,QAM16,111,1.0016863346099854,0.48512083292007446
-2,QAM16,112,0.9951117038726807,0.48235780000686646
-2,QAM16,113,0.9858738780021667,0.4906179904937744
-2,QAM16,114,0.9968700408935547,0.4790918827056885
-2,QAM16,115,0.9879113435745239,0.4887782335281372
-2,QAM16,116,1.0135964155197144,0.5041207075119019
-2,QAM16,117,1.0023696422576904,0.4919530153274536
-2,QAM16,118,0.9922466278076172,0.49067923426628113
-2,QAM16,119,1.0013331174850464,0.48201289772987366
-2,QAM16,120,0.9955725073814392,0.49512723088264465
-2,QAM16,121,0.9875562191009521,0.5008485913276672
-2,QAM16,122,0.9916381239891052,0.4971366822719574
-2,QAM16,123,1.0057419538497925,0.4755777418613434
-2,QAM16,124,1.0023747682571411,0.4850265681743622
-2,QAM16,125,0.991561770439148,0.4941413402557373
-2,QAM16,126,1.028437614440918,0.49488621950149536
-2,QAM16,127,1.0107754468917847,0.5006028413772583
-2,QAM64,0,1.0217034816741943,0.49882033467292786
-2,QAM64,1,1.0085054636001587,0.5049470067024231
-2,QAM64,2,0.9973902106285095,0.4902438521385193
-2,QAM64,3,1.0068892240524292,0.5017075538635254
-2,QAM64,4,0.992116391658783,0.48394766449928284
-2,QAM64,5,0.9960825443267822,0.47187185287475586
-2,QAM64,6,1.0124627351760864,0.49181067943573
-2,QAM64,7,1.004834532737732,0.4948689639568329
-2,QAM64,8,1.0103102922439575,0.5078679323196411
-2,QAM64,9,0.9971746802330017,0.48860201239585876
-2,QAM64,10,0.9982073307037354,0.5061054825782776
-2,QAM64,11,1.0132977962493896,0.5018771290779114
-2,QAM64,12,1.0012624263763428,0.4825024902820587
-2,QAM64,13,1.0267291069030762,0.5057342648506165
-2,QAM64,14,1.01752769947052,0.4995167851448059
-2,QAM64,15,1.0062329769134521,0.49549755454063416
-2,QAM64,16,1.00948166847229,0.4944949746131897
-2,QAM64,17,1.0020166635513306,0.4947195053100586
-2,QAM64,18,0.9984973669052124,0.4887775480747223
-2,QAM64,19,0.9789945483207703,0.4967631995677948
-2,QAM64,20,0.996013879776001,0.47786471247673035
-2,QAM64,21,0.9837279319763184,0.4830256998538971
-2,QAM64,22,0.9967234134674072,0.4865172803401947
-2,QAM64,23,0.9939241409301758,0.476266473531723
-2,QAM64,24,1.0185394287109375,0.5082123875617981
-2,QAM64,25,0.9940857887268066,0.4897131323814392
-2,QAM64,26,0.9988536834716797,0.491731196641922
-2,QAM64,27,0.9850342273712158,0.49595582485198975
-2,QAM64,28,0.9767446517944336,0.4752715826034546
-2,QAM64,29,0.9812988042831421,0.4932115972042084
-2,QAM64,30,1.0038342475891113,0.4755246341228485
-2,QAM64,31,0.9758615493774414,0.49056437611579895
-2,QAM64,32,1.0013500452041626,0.49436497688293457
-2,QAM64,33,1.0056509971618652,0.5000479817390442
-2,QAM64,34,0.973416805267334,0.4840944707393646
-2,QAM64,35,0.9934250116348267,0.4882855713367462
-2,QAM64,36,0.9998065829277039,0.48583686351776123
-2,QAM64,37,1.0013527870178223,0.49102523922920227
-2,QAM64,38,0.9991967678070068,0.49764978885650635
-2,QAM64,39,1.0090694427490234,0.4999842047691345
-2,QAM64,40,0.987943172454834,0.4827628433704376
-2,QAM64,41,0.9766647219657898,0.49447473883628845
-2,QAM64,42,0.983909547328949,0.4863021671772003
-2,QAM64,43,0.9669216871261597,0.4774799048900604
-2,QAM64,44,0.9870977401733398,0.5037804841995239
-2,QAM64,45,0.99125075340271,0.49821820855140686
-2,QAM64,46,1.0158015489578247,0.4964812994003296
-2,QAM64,47,1.0265755653381348,0.49593573808670044
-2,QAM64,48,0.9951208233833313,0.46941977739334106
-2,QAM64,49,0.9804810285568237,0.504736602306366
-2,QAM64,50,1.0149831771850586,0.48802822828292847
-2,QAM64,51,1.0078459978103638,0.5052620768547058
-2,QAM64,52,1.006633996963501,0.48167628049850464
-2,QAM64,53,1.017993688583374,0.4785369336605072
-2,QAM64,54,1.010441780090332,0.506574809551239
-2,QAM64,55,0.9853362441062927,0.48487645387649536
-2,QAM64,56,1.004794716835022,0.4981495440006256
-2,QAM64,57,0.9667859077453613,0.48814940452575684
-2,QAM64,58,0.9904785752296448,0.4881335198879242
-2,QAM64,59,1.008242130279541,0.48962220549583435
-2,QAM64,60,0.9971222281455994,0.4754464328289032
-2,QAM64,61,0.9819214940071106,0.4719855487346649
-2,QAM64,62,1.0027183294296265,0.4880707561969757
-2,QAM64,63,1.0136709213256836,0.5005510449409485
-2,QAM64,64,0.9854035973548889,0.4865760803222656
-2,QAM64,65,0.9915915131568909,0.48047712445259094
-2,QAM64,66,1.0022363662719727,0.4894922971725464
-2,QAM64,67,1.0192586183547974,0.4837633967399597
-2,QAM64,68,1.0179039239883423,0.47602128982543945
-2,QAM64,69,1.015416145324707,0.49243786931037903
-2,QAM64,70,1.0221203565597534,0.4858933091163635
-2,QAM64,71,0.989401638507843,0.472727507352829
-2,QAM64,72,1.005696177482605,0.4903838634490967
-2,QAM64,73,1.0212035179138184,0.501424252986908
-2,QAM64,74,0.9911230206489563,0.49790385365486145
-2,QAM64,75,0.9596803188323975,0.48288795351982117
-2,QAM64,76,0.9802197217941284,0.4915024936199188
-2,QAM64,77,0.9896753430366516,0.4969715178012848
-2,QAM64,78,0.9988611936569214,0.4897505044937134
-2,QAM64,79,0.9917383790016174,0.5009424686431885
-2,QAM64,80,1.0272830724716187,0.4751790463924408
-2,QAM64,81,1.0239449739456177,0.507305383682251
-2,QAM64,82,1.0045099258422852,0.49488383531570435
-2,QAM64,83,1.0088870525360107,0.5112594366073608
-2,QAM64,84,1.0107271671295166,0.47524774074554443
-2,QAM64,85,1.0254862308502197,0.4875035285949707
-2,QAM64,86,1.0052404403686523,0.47792497277259827
-2,QAM64,87,1.0089306831359863,0.49982571601867676
-2,QAM64,88,1.0004546642303467,0.4936473071575165
-2,QAM64,89,0.9942986369132996,0.4882355034351349
-2,QAM64,90,1.0045442581176758,0.49803054332733154
-2,QAM64,91,0.984663188457489,0.49043887853622437
-2,QAM64,92,0.9896708726882935,0.4766235649585724
-2,QAM64,93,0.9941502213478088,0.4798106551170349
-2,QAM64,94,0.9983676075935364,0.4888511300086975
-2,QAM64,95,0.9828318953514099,0.4694119989871979
-2,QAM64,96,0.9826526045799255,0.4723491668701172
-2,QAM64,97,1.0092415809631348,0.5034863352775574
-2,QAM64,98,1.007123351097107,0.5105730295181274
-2,QAM64,99,1.009529948234558,0.497627854347229
-2,QAM64,100,0.9881021976470947,0.4886152148246765
-2,QAM64,101,0.9735645055770874,0.48300471901893616
-2,QAM64,102,1.0044236183166504,0.4962969422340393
-2,QAM64,103,1.0036472082138062,0.4974554479122162
-2,QAM64,104,0.9906688332557678,0.48876672983169556
-2,QAM64,105,0.963719367980957,0.47777652740478516
-2,QAM64,106,0.99286288022995,0.4950234591960907
-2,QAM64,107,1.0074571371078491,0.5134397745132446
-2,QAM64,108,0.9749212861061096,0.49900805950164795
-2,QAM64,109,1.0120946168899536,0.4947691857814789
-2,QAM64,110,1.0125596523284912,0.505707859992981
-2,QAM64,111,1.032501459121704,0.49388831853866577
-2,QAM64,112,1.006721019744873,0.5046483874320984
-2,QAM64,113,0.999707043170929,0.4751070737838745
-2,QAM64,114,0.9987309575080872,0.4767477810382843
-2,QAM64,115,1.0243470668792725,0.48901796340942383
-2,QAM64,116,1.001077651977539,0.48390835523605347
-2,QAM64,117,1.0077322721481323,0.5039013028144836
-2,QAM64,118,1.021317958831787,0.5174202919006348
-2,QAM64,119,1.0157989263534546,0.48430392146110535
-2,QAM64,120,1.010330080986023,0.4968598484992981
-2,QAM64,121,1.0075831413269043,0.505427360534668
-2,QAM64,122,1.00858473777771,0.4954347610473633
-2,QAM64,123,0.9664633274078369,0.4828593134880066
-2,QAM64,124,1.0064752101898193,0.4869202673435211
-2,QAM64,125,1.0017651319503784,0.48925647139549255
-2,QAM64,126,0.993427038192749,0.487275093793869
-2,QAM64,127,1.0109870433807373,0.5085171461105347
0,QAM16,0,0.9987154603004456,0.4472391605377197
0,QAM16,1,0.9970182776451111,0.4408349394798279
0,QAM16,2,1.0203649997711182,0.4584294557571411
0,QAM16,3,0.9976071715354919,0.4453306496143341
0,QAM16,4,0.9976377487182617,0.45648935437202454
0,QAM16,5,0.9923592805862427,0.4518566131591797
0,QAM16,6,1.0068389177322388,0.4457930624485016
0,QAM16,7,1.022041916847229,0.44337689876556396
0,QAM16,8,0.9958884119987488,0.4590415060520172
0,QAM16,9,0.9955289959907532,0.4520924985408783
0,QAM16,10,0.9965391755104065,0.4458470642566681
0,QAM16,11,0.9975419044494629,0.44869130849838257
0,QAM16,12,0.9899454116821289,0.4598439335823059
0,QAM16,13,0.9915285706520081,0.4353553354740143
0,QAM16,14,0.9868018627166748,0.4513634145259857
0,QAM16,15,0.99336177110672,0.4540417194366455
0,QAM16,16,0.9861902594566345,0.4689587652683258
0,QAM16,17,0.9803785681724548,0.4673176407814026
0,QAM16,18,0.9894434213638306,0.45544561743736267
0,QAM16,19,0.9789341688156128,0.4625076353549957
0,QAM16,20,0.9929009675979614,0.4604492485523224
0,QAM16,21,1.0047918558120728,0.4408695101737976
0,QAM16,22,1.0032938718795776,0.4520607590675354
0,QAM16,23,0.9927258491516113,0.4539514482021332
0,QAM16,24,1.0038286447525024,0.45482727885246277
0,QAM16,25,0.9918842315673828,0.4571380317211151
0,QAM16,26,0.9931828379631042,0.44923409819602966
0,QAM16,27,0.9647026658058167,0.4502432942390442
0,QAM16,28,0.974075973033905,0.4415828287601471
0,QAM16,29,0.9954087138175964,0.46803000569343567
0,QAM16,30,0.9843382239341736,0.4239024519920349
0,QAM16,31,0.9851560592651367,0.4666656255722046
0,QAM16,32,0.9977370500564575,0.46560874581336975
0,QAM16,33,0.9889499545097351,0.4588584303855896
0,QAM16,34,0.9983309507369995,0.4519888460636139
0,QAM16,35,0.9934794306755066,0.4499121606349945
0,QAM16,36,1.0132136344909668,0.4481770992279053
0,QAM16,37,1.0210872888565063,0.46225404739379883
0,QAM16,38,1.0011529922485352,0.43841418623924255
0,QAM16,39,1.0203227996826172,0.4543081521987915
0,QAM16,40,1.0113747119903564,0.4560135006904602
0,QAM16,41,0.9992329478263855,0.4413692057132721
0,QAM16,42,1.0125863552093506,0.45266950130462646
0,QAM16,43,1.0036007165908813,0.451594740152359
0,QAM16,44,1.0117851495742798,0.45927414298057556
0,QAM16,45,1.0020077228546143,0.46290096640586853
0,QAM16,46,1.0064420700073242,0.465684711933136
0,QAM16,47,1.0051697492599487,0.4565372169017792
0,QAM16,48,1.0024734735488892,0.4596947431564331
0,QAM16,49,1.0191221237182617,0.45806771516799927
0,QAM16,50,1.0011931657791138,0.44040510058403015
0,QAM16,51,1.0021902322769165,0.44155606627464294
0,QAM16,52,0.9834750890731812,0.45418721437454224
0,QAM16,53,0.9792590737342834,0.44609716534614563
0,QAM16,54,1.0080914497375488,0.4533132016658783
0,QAM16,55,1.0017728805541992,0.4660181403160095
0,QAM16,56,1.007261037826538,0.45319798588752747
0,QAM16,57,1.0212804079055786,0.45048093795776367
0,QAM16,58,1.0207056999206543,0.45160210132598877
0,QAM16,59,1.0284395217895508,0.45017874240875244
0,QAM16,60,1.018894910812378,0.4484291076660156
0,QAM16,61,1.026241660118103,0.446004182100296
0,QAM16,62,1.006454586982727,0.4472953975200653
0,QAM16,63,1.003009557723999,0.45868462324142456
0,QAM16,64,1.0151336193084717,0.46323126554489136
0,QAM16,65,1.0268391370773315,0.4567851424217224
0,QAM16,66,1.0071582794189453,0.4644981026649475
0,QAM16,67,1.0149716138839722,0.4715155065059662
0,QAM16,68,1.0304760932922363,0.4607124328613281
0,QAM16,69,1.0019468069076538,0.4545871913433075
0,QAM16,70,1.011597990989685,0.4640392065048218
0,QAM16,71,0.9899671077728271,0.4598635733127594
0,QAM16,72,0.9948582053184509,0.4710676968097687
0,QAM16,73,0.9953855276107788,0.4520051181316376
0,QAM16,74,1.013782024383545,0.45534974336624146
0,QAM16,75,1.0145225524902344,0.45011624693870544
0,QAM16,76,0.9940158128738403,0.45503830909729004
0,QAM16,77,1.0149184465408325,0.4481317400932312
0,QAM16,78,0.9976070523262024,0.45305439829826355
0,QAM16,79,1.0035057067871094,0.45808231830596924
0,QAM16,80,1.016007900238037,0.4535122811794281
0,QAM16,81,0.9994711875915527,0.44576695561408997
0,QAM16,82,0.9773252606391907,0.4401712417602539
0,QAM16,83,0.9949584603309631,0.4368703365325928
0,QAM16,84,0.9928536415100098,0.4545603394508362
0,QAM16,85,0.992048978805542,0.4477657079696655
0,QAM16,86,1.0211113691329956,0.4621564745903015
0,QAM16,87,1.007326364517212,0.44846123456954956
0,QAM16,88,1.0098015069961548,0.4454195499420166
0,QAM16,89,1.0039875507354736,0.4593653678894043
0,QAM16,90,0.9876786470413208,0.4338379502296448
0,QAM16,91,0.9784051179885864,0.46071580052375793
0,QAM16,92,0.982770562171936,0.4399016499519348
0,QAM16,93,0.974603533744812,0.44912785291671753
0,QAM16,94,0.9848228096961975,0.4335359036922455
0,QAM16,95,0.9890924692153931,0.4334656596183777
0,QAM16,96,1.0083308219909668,0.45132479071617126
0,QAM16,97,0.9777677655220032,0.4488981068134308
0,QAM16,98,0.9952211380004883,0.44345811009407043
0,QAM16,99,0.9853510856628418,0.4388865530490875
0,QAM16,100,1.0073415040969849,0.44488653540611267
0,QAM16,101,0.9859511852264404,0.45878493785858154
0,QAM16,102,0.9967848062515259,0.4572559595108032
0,QAM16,103,0.9826961755752563,0.4436602294445038
0,QAM16,104,0.9951361417770386,0.4656176269054413
0,QAM16,105,1.0189951658248901,0.4508962035179138
0,QAM16,106,1.0146996974945068,0.454301118850708
0,QAM16,107,1.0123417377471924,0.4448018968105316
0,QAM16,108,1.0092217922210693,0.45051687955856323
0,QAM16,109,1.0125268697738647,0.4599185585975647
0,QAM16,110,1.005913257598877,0.45630213618278503
0,QAM16,111,1.0039699077606201,0.4418799877166748
0,QAM16,112,1.0038539171218872,0.4663235545158386
0,QAM16,113,0.9968386292457581,0.4662264883518219
0,QAM16,114,0.9977800846099854,0.45830148458480835
0,QAM16,115,0.9915238618850708,0.44603991508483887
0,QAM16,116,1.0136736631393433,0.4558883607387543
0,QAM16,117,1.016927719116211,0.456432580947876
0,QAM16,118,0.9993881583213806,0.4574694335460663
0,QAM16,119,0.981226921081543,0.4283106327056885
0,QAM16,120,0.9941906332969666,0.440716952085495
0,QAM16,121,0.9935557842254639,0.44521695375442505
0,QAM16,122,0.9926554560661316,0.4351285398006439
0,QAM16,123,0.9981143474578857,0.4544505774974823
0,QAM16,124,0.9600697159767151,0.44302135705947876
0,QAM16,125,0.9996760487556458,0.46135079860687256
0,QAM16,126,0.9845385551452637,0.4432086646556854
0,QAM16,127,1.007493257522583,0.44630762934684753
0,QAM64,0,1.0051971673965454,0.45770880579948425
0,QAM64,1,1.0269536972045898,0.46736574172973633
0,QAM64,2,1.026565432548523,0.46566811203956604
0,QAM64,3,0.9979580044746399,0.46630755066871643
0,QAM64,4,0.976778507232666,0.4480578899383545
0,QAM64,5,1.0013889074325562,0.4779224991798401
0,QAM64,6,0.9904088377952576,0.4613988995552063
0,QAM64,7,0.9753860235214233,0.44490551948547363
0,QAM64,8,0.9944021105766296,0.45686253905296326
0,QAM64,9,1.0008639097213745,0.4496344029903412
0,QAM64,10,0.9803053736686707,0.47107142210006714
0,QAM64,11,0.9813888072967529,0.4814099371433258
0,QAM64,12,0.9741277098655701,0.4571995139122009
0,QAM64,13,0.9701926112174988,0.4706159830093384
0,QAM64,14,0.9891260862350464,0.46810153126716614
0,QAM64,15,1.0024739503860474,0.4562321603298187
0,QAM64,16,0.9719215035438538,0.44911569356918335
0,QAM64,17,0.9811316132545471,0.461983859539032
0,QAM64,18,0.9868966937065125,0.45073801279067993
0,QAM64,19,1.0035278797149658,0.45894256234169006
0,QAM64,20,1.0157665014266968,0.4725396931171417
0,QAM64,21,1.012392282485962,0.4469693899154663
0,QAM64,22,1.0021781921386719,0.45755407214164734
0,QAM64,23,1.035871982574463,0.4590891897678375
0,QAM64,24,0.9985154867172241,0.4609622657299042
0,QAM64,25,1.0086643695831299,0.4563959836959839
0,QAM64,26,1.000331997871399,0.4571589231491089
0,QAM64,27,0.9844668507575989,0.46311748027801514
0,QAM64,28,0.9921891093254089,0.4531823694705963
0,QAM64,29,0.9775689244270325,0.4573850929737091
0,QAM64,30,1.0269404649734497,0.4512746334075928
0,QAM64,31,1.017332911491394,0.46015268564224243
0,QAM64,32,1.0221314430236816,0.4629451632499695
0,QAM64,33,0.9922930002212524,0.4477125406265259
0,QAM64,34,1.0155783891677856,0.4486422836780548
0,QAM64,35,1.0063351392745972,0.4549647569656372
0,QAM64,36,1.0058306455612183,0.45955151319503784
0,QAM64,37,1.0029089450836182,0.46172264218330383
0,QAM64,38,1.0235521793365479,0.4507575035095215
0,QAM64,39,1.0164501667022705,0.46129515767097473
0,QAM64,40,1.0415304899215698,0.4784342050552368
0,QAM64,41,1.0384262800216675,0.468363493680954
0,QAM64,42,1.0286847352981567,0.4605433940887451
0,QAM64,43,1.0097154378890991,0.4527784287929535
0,QAM64,44,1.000289797782898,0.46526071429252625
0,QAM64,45,0.9991128444671631,0.4580959379673004
0,QAM64,46,1.0092729330062866,0.46546512842178345
0,QAM64,47,0.9994633197784424,0.45920392870903015
0,QAM64,48,1.0152106285095215,0.47959136962890625
0,QAM64,49,0.9866839051246643,0.45152729749679565
0,QAM64,50,1.0016237497329712,0.45513641834259033
0,QAM64,51,1.0189803838729858,0.4563209116458893
0,QAM64,52,0.9885985255241394,0.45194539427757263
0,QAM64,53,1.0191303491592407,0.47527632117271423
0,QAM64,54,0.9939078092575073,0.45550769567489624
0,QAM64,55,0.9997633695602417,0.4795989990234375
0,QAM64,56,0.9890339970588684,0.4582750201225281
0,QAM64,57,1.0065664052963257,0.4672149121761322
0,QAM64,58,1.004622220993042,0.45796284079551697
0,QAM64,59,0.9991329908370972,0.4458521008491516
0,QAM64,60,1.0166887044906616,0.4554249048233032
0,QAM64,61,0.9931314587593079,0.44578036665916443
0,QAM64,62,0.9940978288650513,0.4634963274002075
0,QAM64,63,0.9930664300918579,0.4619881510734558
0,QAM64,64,0.9997759461402893,0.48692578077316284
0,QAM64,65,0.989568829536438,0.4614836573600769
0,QAM64,66,1.0112600326538086,0.4543709456920624
0,QAM64,67,0.9986597299575806,0.46096453070640564
0,QAM64,68,1.0327802896499634,0.4553317129611969
0,QAM64,69,1.026028037071228,0.4673120677471161
0,QAM64,70,1.0096220970153809,0.4696097671985626
0,QAM64,71,1.0133863687515259,0.45366981625556946
0,QAM64,72,1.0132933855056763,0.4611414968967438
0,QAM64,73,1.0004557371139526,0.4647713005542755
0,QAM64,74,0.992554247379303,0.4794379472732544
0,QAM64,75,0.9853109121322632,0.4609143137931824
0,QAM64,76,0.9828997850418091,0.43794679641723633
0,QAM64,77,0.9961409568786621,0.45774129033088684
0,QAM64,78,0.9932777881622314,0.4482283592224121
0,QAM64,79,0.971514880657196,0.4429444670677185
0,QAM64,80,0.9927557706832886,0.4489768445491791
0,QAM64,81,1.0053818225860596,0.4545237123966217
0,QAM64,82,1.0131760835647583,0.45871931314468384
0,QAM64,83,0.9939714670181274,0.4589352011680603
0,QAM64,84,0.9848791360855103,0.45845896005630493
0,QAM64,85,0.9929689168930054,0.4528777599334717
0,QAM64,86,0.9551442265510559,0.4481849670410156
0,QAM64,87,0.9911074042320251,0.4576868414878845
0,QAM64,88,0.9874423742294312,0.4713378846645355
0,QAM64,89,0.9871336817741394,0.4494881331920624
0,QAM64,90,1.0007290840148926,0.46239736676216125
0,QAM64,91,1.0073468685150146,0.4687459170818329
0,QAM64,92,1.007991075515747,0.45766547322273254
0,QAM64,93,1.0133159160614014,0.468329519033432
0,QAM64,94,0.9995898604393005,0.4649447202682495
0,QAM64,95,1.014245867729187,0.4584808647632599
0,QAM64,96,0.9911347031593323,0.4442601203918457
0,QAM64,97,1.0110018253326416,0.44842642545700073
0,QAM64,98,0.9958731532096863,0.4625207185745239
0,QAM64,99,1.0073742866516113,0.45283302664756775
0,QAM64,100,1.005028247833252,0.45562759041786194
0,QAM64,101,1.021929144859314,0.46002843976020813
0,QAM64,102,1.0270518064498901,0.4703540503978729
0,QAM64,103,0.9999756813049316,0.46659383177757263
0,QAM64,104,1.024163007736206,0.479021281003952
0,QAM64,105,0.9992055296897888,0.4632798731327057
0,QAM64,106,0.9766032099723816,0.4586547613143921
0,QAM64,107,0.98216313123703,0.4674723148345947
0,QAM64,108,0.9763869047164917,0.4579019248485565
0,QAM64,109,0.9915067553520203,0.44528958201408386
0,QAM64,110,0.9820217490196228,0.46807631850242615
0,QAM64,111,1.007025957107544,0.45762670040130615
0,QAM64,112,1.0055031776428223,0.46870848536491394
0,QAM64,113,0.9742420315742493,0.4544205069541931
0,QAM64,114,0.9787532687187195,0.4703257381916046
0,QAM64,115,0.9883058667182922,0.45733484625816345
0,QAM64,116,1.007008671760559,0.4680037200450897
0,QAM64,117,0.9918710589408875,0.4528915584087372
0,QAM64,118,0.9774093627929688,0.45890650153160095
0,QAM64,119,1.0143436193466187,0.4593185484409332
0,QAM64,120,1.000363826751709,0.4786505103111267
0,QAM64,121,1.0009523630142212,0.4468427002429962
0,QAM64,122,0.9984005093574524,0.45051562786102295
0,QAM64,123,0.9866340160369873,0.445717453956604
0,QAM64,124,1.002249836921692,0.4719766080379486
0,QAM64,125,0.9919704794883728,0.4429907500743866
0,QAM64,126,0.9912635684013367,0.472072571516037
0,QAM64,127,0.9875449538230896,0.4555368423461914
2,QAM16,0,0.9939204454421997,0.43367937207221985
2,QAM16,1,1.0058302879333496,0.42931467294692993
2,QAM16,2,1.0047656297683716,0.43658560514450073
2,QAM16,3,0.9938955307006836,0.42960602045059204
2,QAM16,4,0.984321653842926,0.43112632632255554
2,QAM16,5,0.985727846622467,0.4311579167842865
2,QAM16,6,0.9681532382965088,0.4296957850456238
2,QAM16,7,0.9595697522163391,0.4231050908565521
2,QAM16,8,0.9728610515594482,0.42822983860969543
2,QAM16,9,0.9702171087265015,0.426689475774765
2,QAM16,10,0.9782639145851135,0.4259249269962311
2,QAM16,11,1.000624656677246,0.4142657220363617
2,QAM16,12,0.9870460033416748,0.4244767427444458
2,QAM16,13,0.9941360950469971,0.4340038299560547
2,QAM16,14,0.9926796555519104,0.4250246286392212
2,QAM16,15,0.9762007594108582,0.4182409942150116
2,QAM16,16,0.9841326475143433,0.4200369417667389
2,QAM16,17,0.994481086730957,0.4288069009780884
2,QAM16,18,0.9982853531837463,0.4339689016342163
2,QAM16,19,0.9979180097579956,0.4325588643550873
2,QAM16,20,0.9881937503814697,0.43450623750686646
2,QAM16,21,0.9822422862052917,0.4373153746128082
2,QAM16,22,0.976111650466919,0.42959946393966675
2,QAM16,23,0.9885073900222778,0.42480990290641785
2,QAM16,24,0.9866880774497986,0.4105750620365143
2,QAM16,25,0.984894871711731,0.43690887093544006
2,QAM16,26,1.0038363933563232,0.4168335497379303
2,QAM16,27,1.010834813117981,0.4376075863838196
2,QAM16,28,1.020484209060669,0.4240098297595978
2,QAM16,29,1.0148794651031494,0.43203049898147583
2,QAM16,30,1.0097929239273071,0.43278706073760986
2,QAM16,31,1.0113588571548462,0.44039860367774963
2,QAM16,32,1.0044721364974976,0.4422001540660858
2,QAM16,33,0.9985954165458679,0.4222376346588135
2,QAM16,34,1.0037927627563477,0.40963125228881836
2,QAM16,35,0.9927667379379272,0.41380318999290466
2,QAM16,36,0.9957729578018188,0.40496155619621277
2,QAM16,37,1.0122662782669067,0.4238835275173187
2,QAM16,38,0.988345742225647,0.43529078364372253
2,QAM16,39,0.9922260046005249,0.4382268488407135
2,QAM16,40,0.9827094674110413,0.4333476126194
2,QAM16,41,0.9973022937774658,0.4298493266105652
2,QAM16,42,0.9937961101531982,0.4450724720954895
2,QAM16,43,1.001853585243225,0.4594712555408478
2,QAM16,44,1.0123751163482666,0.4430916905403137
2,QAM16,45,1.0107543468475342,0.4286157786846161
2,QAM16,46,1.0040301084518433,0.43154284358024597
2,QAM16,47,0.9993974566459656,0.4176783263683319
2,QAM16,48,0.9932653307914734,0.43533727526664734
2,QAM16,49,0.9864842891693115,0.4238241910934448
2,QAM16,50,0.9880452156066895,0.4244268834590912
2,QAM16,51,0.9979264140129089,0.4287552237510681
2,QAM16,52,0.9893656969070435,0.4263944923877716
2,QAM16,53,0.9874691367149353,0.42261365056037903
2,QAM16,54,1.0099390745162964,0.4336656332015991
2,QAM16,55,0.9951857328414917,0.42071396112442017
2,QAM16,56,0.9822787046432495,0.43561431765556335
2,QAM16,57,1.0016664266586304,0.4458964765071869
2,QAM16,58,0.9945099353790283,0.4343869984149933
2,QAM16,59,0.9929481744766235,0.4335964322090149
2,QAM16,60,0.9966548085212708,0.4329076409339905
2,QAM16,61,1.010565996170044,0.4374002516269684
2,QAM16,62,0.9945530295372009,0.42387059330940247
2,QAM16,63,1.0009455680847168,0.4253089129924774
2,QAM16,64,1.0163795948028564,0.42469796538352966
2,QAM16,65,1.0183552503585815,0.4289827048778534
2,QAM16,66,1.009149193763733,0.428553968667984
2,QAM16,67,1.0080386400222778,0.42441877722740173
2,QAM16,68,0.9904775023460388,0.4273139536380768
2,QAM16,69,1.0005149841308594,0.43303126096725464
2,QAM16,70,0.9881590008735657,0.4194023907184601
2,QAM16,71,1.00815749168396,0.419400155544281
2,QAM16,72,1.0121300220489502,0.43530142307281494
2,QAM16,73,1.0027377605438232,0.4227403402328491
2,QAM16,74,0.9897758960723877,0.4312755763530731
2,QAM16,75,0.9937454462051392,0.43051019310951233
2,QAM16,76,1.0024300813674927,0.42497915029525757
2,QAM16,77,0.9962418675422668,0.42420506477355957
2,QAM16,78,0.9869639277458191,0.43097442388534546
2,QAM16,79,0.9824075698852539,0.4499345123767853
2,QAM16,80,0.996226966381073,0.43077337741851807
2,QAM16,81,1.0064266920089722,0.4216720163822174
2,QAM16,82,1.0130161046981812,0.43725696206092834
2,QAM16,83,1.0161380767822266,0.42025381326675415
2,QAM16,84,1.0244052410125732,0.4300800859928131
2,QAM16,85,1.035961389541626,0.4150916635990143
2,QAM16,86,1.0204899311065674,0.4251420795917511
2,QAM16,87,1.0197340250015259,0.4416693449020386
2,QAM16,88,1.0449315309524536,0.43668895959854126
2,QAM16,89,1.0299879312515259,0.431522011756897
2,QAM16,90,1.0082229375839233,0.43435370922088623
2,QAM16,91,1.0149065256118774,0.4188380539417267
2,QAM16,92,1.001631736755371,0.4150611460208893
2,QAM16,93,0.9901662468910217,0.41825005412101746
2,QAM16,94,0.9882950186729431,0.41826844215393066
2,QAM16,95,0.9825894236564636,0.4377690851688385
2,QAM16,96,0.9970259666442871,0.4294900894165039
2,QAM16,97,0.9923253059387207,0.43982839584350586
2,QAM16,98,1.002792239189148,0.42312052845954895
2,QAM16,99,1.0013500452041626,0.41133585572242737
2,QAM16,100,1.0086579322814941,0.4316237270832062
2,QAM16,101,1.0257965326309204,0.42711594700813293
2,QAM16,102,1.027735948562622,0.4219488799571991
2,QAM16,103,1.003747582435608,0.42547714710235596
2,QAM16,104,1.0101900100708008,0.44589662551879883
2,QAM16,105,1.0060195922851562,0.44237038493156433
2,QAM16,106,1.0009833574295044,0.44549718499183655
2,QAM16,107,0.9972262382507324,0.44407159090042114
2,QAM16,108,0.9949703216552734,0.42833954095840454
2,QAM16,109,1.0092378854751587,0.43148839473724365
2,QAM16,110,1.0118112564086914,0.4304419457912445
2,QAM16,111,1.0114543437957764,0.44855472445487976
2,QAM16,112,1.007339596748352,0.43431174755096436
2,QAM16,113,1.008727788925171,0.4263962209224701
2,QAM16,114,1.001203179359436,0.4425037205219269
2,QAM16,115,0.9911860227584839,0.4331313967704773
2,QAM16,116,0.9848108291625977,0.44190219044685364
2,QAM16,117,0.980819046497345,0.4469737708568573
2,QAM16,118,1.0028520822525024,0.4340595006942749
2,QAM16,119,1.0078269243240356,0.46044686436653137
2,QAM16,120,0.994659423828125,0.45724809169769287
2,QAM16,121,1.0178910493850708,0.4445208013057709
2,QAM16,122,1.0029542446136475,0.4449274241924286
2,QAM16,123,1.0142806768417358,0.4457041025161743
2,QAM16,124,1.021270751953125,0.44862455129623413
2,QAM16,125,1.0061283111572266,0.4461868405342102
2,QAM16,126,1.0196493864059448,0.44896429777145386
2,QAM16,127,1.0051655769348145,0.44013792276382446
2,QAM64,0,0.9805655479431152,0.4608415961265564
2,QAM64,1,0.9844387173652649,0.43492767214775085
2,QAM64,2,1.0089401006698608,0.4413154125213623
2,QAM64,3,1.0079842805862427,0.4244152903556824
2,QAM64,4,1.0001558065414429,0.4335469901561737
2,QAM64,5,1.0076161623001099,0.4307931959629059
2,QAM64,6,1.002099871635437,0.44287145137786865
2,QAM64,7,0.9985421895980835,0.4451499581336975
2,QAM64,8,1.016433596611023,0.4344825744628906
2,QAM64,9,1.022670865058899,0.44047874212265015
2,QAM64,10,1.0126491785049438,0.45306509733200073
2,QAM64,11,1.011501431465149,0.44374775886535645
2,QAM64,12,1.0190463066101074,0.44184622168540955
2,QAM64,13,1.0035390853881836,0.4451098144054413
2,QAM64,14,1.0017809867858887,0.43091675639152527
2,QAM64,15,1.0114160776138306,0.45216283202171326
2,QAM64,16,1.0017906427383423,0.43868932127952576
2,QAM64,17,0.9911706447601318,0.42173439264297485
2,QAM64,18,1.0102546215057373,0.43512535095214844
2,QAM64,19,1.0031120777130127,0.4341554641723633
2,QAM64,20,1.009652853012085,0.4368845224380493
2,QAM64,21,1.019127368927002,0.4470771849155426
2,QAM64,22,0.9875940084457397,0.4312095642089844
2,QAM64,23,0.9732558131217957,0.4372514486312866
2,QAM64,24,0.9747804999351501,0.426832914352417
2,QAM64,25,0.9835093021392822,0.43099772930145264
2,QAM64,26,0.9772908091545105,0.4255334138870239
2,QAM64,27,0.9790096282958984,0.441915899515152
2,QAM64,28,0.9984813332557678,0.43686699867248535
2,QAM64,29,0.9575629234313965,0.43986716866493225
2,QAM64,30,0.9789902567863464,0.44762855768203735
2,QAM64,31,0.9706664085388184,0.4331972599029541
2,QAM64,32,0.9850776195526123,0.4309077560901642
2,QAM64,33,0.9856182336807251,0.43390628695487976
2,QAM64,34,0.9822716116905212,0.42372408509254456
2,QAM64,35,0.9918070435523987,0.4395224452018738
2,QAM64,36,0.9968797564506531,0.4445249140262604
2,QAM64,37,1.0095030069351196,0.4418241083621979
2,QAM64,38,1.0013692378997803,0.4323441982269287
2,QAM64,39,1.0054274797439575,0.4345886707305908
2,QAM64,40,0.9822167158126831,0.4282133877277374
2,QAM64,41,0.9879299402236938,0.42946019768714905
2,QAM64,42,0.9661935567855835,0.4412451982498169
2,QAM64,43,0.9847961068153381,0.4245196580886841
2,QAM64,44,0.9977158904075623,0.4357958436012268
2,QAM64,45,1.001359462738037,0.4325490891933441
2,QAM64,46,0.9966052174568176,0.42682206630706787
2,QAM64,47,0.9872795343399048,0.43880853056907654
2,QAM64,48,1.0042692422866821,0.44621872901916504
2,QAM64,49,1.00370192527771,0.4510405659675598
2,QAM64,50,0.985984206199646,0.4318016469478607
2,QAM64,51,1.0020766258239746,0.43214717507362366
2,QAM64,52,0.9913423657417297,0.4335111975669861
2,QAM64,53,1.0017988681793213,0.43022894859313965
2,QAM64,54,1.010412335395813,0.43894651532173157
2,QAM64,55,0.9727074503898621,0.4357241690158844
2,QAM64,56,0.991455614566803,0.44613468647003174
2,QAM64,57,0.9860007762908936,0.43547123670578003
2,QAM64,58,1.0097558498382568,0.42616862058639526
2,QAM64,59,1.0001204013824463,0.43099522590637207
2,QAM64,60,1.0006715059280396,0.4396286606788635
2,QAM64,61,1.0078861713409424,0.4219111204147339
2,QAM64,62,1.0001262426376343,0.43760210275650024
2,QAM64,63,0.974340558052063,0.42320916056632996
2,QAM64,64,0.9777019023895264,0.4270486533641815
2,QAM64,65,0.9903621673583984,0.4277629256248474
2,QAM64,66,0.9862884283065796,0.44051074981689453
2,QAM64,67,0.9973490834236145,0.42838793992996216
2,QAM64,68,1.0104095935821533,0.43631628155708313
2,QAM64,69,1.0249937772750854,0.4401646554470062
2,QAM64,70,1.007398009300232,0.4398871958255768
2,QAM64,71,1.0213708877563477,0.43658047914505005
2,QAM64,72,1.0269511938095093,0.42975860834121704
2,QAM64,73,1.0010050535202026,0.4283027648925781
2,QAM64,74,1.0125315189361572,0.44396066665649414
2,QAM64,75,0.989850640296936,0.4401285946369171
2,QAM64,76,0.9965957403182983,0.4396648406982422
2,QAM64,77,0.9929834008216858,0.44676926732063293
2,QAM64,78,0.9858684539794922,0.44789445400238037
2,QAM64,79,0.9977802038192749,0.44112107157707214
2,QAM64,80,0.9809949398040771,0.4430903196334839
2,QAM64,81,0.9776657223701477,0.4426787197589874
2,QAM64,82,0.9665189981460571,0.43100762367248535
2,QAM64,83,0.974547266960144,0.43283626437187195
2,QAM64,84,0.9888582229614258,0.4342333972454071
2,QAM64,85,0.9867640137672424,0.4268631935119629
2,QAM64,86,0.9957172274589539,0.4349554777145386
2,QAM64,87,0.9932978749275208,0.4278719127178192
2,QAM64,88,1.0104650259017944,0.42519786953926086
2,QAM64,89,1.0185351371765137,0.43755823373794556
2,QAM64,90,1.0198233127593994,0.43553027510643005
2,QAM64,91,1.017351508140564,0.4461371600627899
2,QAM64,92,1.02620530128479,0.4275284707546234
2,QAM64,93,1.046708345413208,0.42973124980926514
2,QAM64,94,1.0381728410720825,0.4377039968967438
2,QAM64,95,1.0062183141708374,0.44115445017814636
2,QAM64,96,0.9979894757270813,0.44179534912109375
2,QAM64,97,0.9771640300750732,0.4424382448196411
2,QAM64,98,0.97679203748703,0.437173068523407
2,QAM64,99,0.9870603680610657,0.44508835673332214
2,QAM64,100,0.9934894442558289,0.4398782551288605
2,QAM64,101,1.0069007873535156,0.43881362676620483
2,QAM64,102,1.0026960372924805,0.4354696273803711
2,QAM64,103,1.0172961950302124,0.44516587257385254
2,QAM64,104,1.0182856321334839,0.4503905475139618
2,QAM64,105,1.017347812652588,0.4417268633842468
2,QAM64,106,1.0174287557601929,0.4390918016433716
2,QAM64,107,1.0054515600204468,0.4535345435142517
2,QAM64,108,1.00614595413208,0.4372168183326721
2,QAM64,109,1.0237886905670166,0.4356089234352112
2,QAM64,110,1.0104440450668335,0.4494493901729584
2,QAM64,111,1.0112409591674805,0.43849989771842957
2,QAM64,112,1.001402497291565,0.45744588971138
2,QAM64,113,1.016142725944519,0.44096094369888306
2,QAM64,114,1.0177642107009888,0.43536466360092163
2,QAM64,115,1.0309133529663086,0.43050798773765564
2,QAM64,116,1.023808479309082,0.43020230531692505
2,QAM64,117,1.0308929681777954,0.4428458511829376
2,QAM64,118,1.0178189277648926,0.4496234953403473
2,QAM64,119,1.0036849975585938,0.4384826421737671
2,QAM64,120,0.9986751675605774,0.4294644594192505
2,QAM64,121,0.9746013283729553,0.4282991588115692
2,QAM64,122,0.9911998510360718,0.43242767453193665
2,QAM64,123,0.9970229864120483,0.43513351678848267
2,QAM64,124,1.0045325756072998,0.447577565908432
2,QAM64,125,1.0099684000015259,0.43388769030570984
2,QAM64,126,1.0171923637390137,0.4504551887512207
2,QAM64,127,1.0172450542449951,0.4462752640247345
